PRAGMA foreign_keys=OFF;
BEGIN TRANSACTION;
CREATE TABLE IF NOT EXISTS "django_migrations" ("id" integer NOT NULL PRIMARY KEY AUTOINCREMENT, "app" varchar(255) NOT NULL, "name" varchar(255) NOT NULL, "applied" datetime NOT NULL);
INSERT INTO django_migrations VALUES(1,'contenttypes','0001_initial','2025-07-31 12:55:11.814775');
INSERT INTO django_migrations VALUES(2,'auth','0001_initial','2025-07-31 12:55:11.818024');
INSERT INTO django_migrations VALUES(3,'admin','0001_initial','2025-07-31 12:55:11.820500');
INSERT INTO django_migrations VALUES(4,'admin','0002_logentry_remove_auto_add','2025-07-31 12:55:11.823554');
INSERT INTO django_migrations VALUES(5,'admin','0003_logentry_add_action_flag_choices','2025-07-31 12:55:11.824960');
INSERT INTO django_migrations VALUES(6,'contenttypes','0002_remove_content_type_name','2025-07-31 12:55:11.829152');
INSERT INTO django_migrations VALUES(7,'auth','0002_alter_permission_name_max_length','2025-07-31 12:55:11.832902');
INSERT INTO django_migrations VALUES(8,'auth','0003_alter_user_email_max_length','2025-07-31 12:55:11.834865');
INSERT INTO django_migrations VALUES(9,'auth','0004_alter_user_username_opts','2025-07-31 12:55:11.836555');
INSERT INTO django_migrations VALUES(10,'auth','0005_alter_user_last_login_null','2025-07-31 12:55:11.838766');
INSERT INTO django_migrations VALUES(11,'auth','0006_require_contenttypes_0002','2025-07-31 12:55:11.839071');
INSERT INTO django_migrations VALUES(12,'auth','0007_alter_validators_add_error_messages','2025-07-31 12:55:11.840580');
INSERT INTO django_migrations VALUES(13,'auth','0008_alter_user_username_max_length','2025-07-31 12:55:11.842863');
INSERT INTO django_migrations VALUES(14,'auth','0009_alter_user_last_name_max_length','2025-07-31 12:55:11.845676');
INSERT INTO django_migrations VALUES(15,'auth','0010_alter_group_name_max_length','2025-07-31 12:55:11.847847');
INSERT INTO django_migrations VALUES(16,'auth','0011_update_proxy_permissions','2025-07-31 12:55:11.849185');
INSERT INTO django_migrations VALUES(17,'auth','0012_alter_user_first_name_max_length','2025-07-31 12:55:11.851320');
INSERT INTO django_migrations VALUES(18,'products','0001_initial','2025-07-31 12:55:11.854616');
INSERT INTO django_migrations VALUES(19,'customers','0001_initial','2025-07-31 12:55:11.856127');
INSERT INTO django_migrations VALUES(20,'orders','0001_initial','2025-07-31 12:55:11.862233');
INSERT INTO django_migrations VALUES(21,'customers','0002_initial','2025-07-31 12:55:11.882710');
INSERT INTO django_migrations VALUES(22,'sessions','0001_initial','2025-07-31 12:55:11.883877');
INSERT INTO django_migrations VALUES(23,'products','0002_alter_product_slug','2025-07-31 13:05:44.529049');
INSERT INTO django_migrations VALUES(24,'customers','0003_alter_bonus_order_alter_promocodeclient_client_and_more','2025-07-31 15:35:31.819499');
INSERT INTO django_migrations VALUES(25,'orders','0002_remove_orderitem_parent_order_and_more','2025-07-31 15:35:31.851707');
INSERT INTO django_migrations VALUES(26,'customers','0003_alter_client_slug','2025-08-03 16:09:39.711631');
INSERT INTO django_migrations VALUES(27,'customers','0004_client_user_alter_promocodeclient_client','2025-08-06 16:41:06.966222');
INSERT INTO django_migrations VALUES(28,'orders','0002_alter_cart_client_alter_cartitem_cart','2025-08-06 16:41:06.972661');
INSERT INTO django_migrations VALUES(29,'products','0002_remove_category_slug','2025-08-06 16:41:06.975704');
INSERT INTO django_migrations VALUES(30,'customers','0005_remove_client_customers_c_email_c1e1d4_idx_and_more','2025-08-07 10:08:12.209877');
INSERT INTO django_migrations VALUES(31,'customers','0006_remove_client_slug_alter_client_patronymic','2025-08-11 09:15:18.598111');
INSERT INTO django_migrations VALUES(32,'customers','0007_promocode_amount_promocode_sale_and_more','2025-08-11 14:37:36.632508');
INSERT INTO django_migrations VALUES(33,'orders','0003_alter_cart_status','2025-08-21 13:31:09.380287');
INSERT INTO django_migrations VALUES(34,'customers','0008_alter_bonus_options_alter_bonus_order_and_more','2025-08-21 13:31:09.388230');
INSERT INTO django_migrations VALUES(35,'products','0003_product_price','2025-08-21 13:31:09.389707');
INSERT INTO django_migrations VALUES(36,'products','0004_category_slug','2025-08-21 15:53:43.835301');
INSERT INTO django_migrations VALUES(37,'products','0005_alter_product_slug_favorite','2025-08-27 15:48:33.270053');
INSERT INTO django_migrations VALUES(38,'orders','0004_alter_cart_create_at_alter_cart_update_at','2025-09-01 19:30:27.699849');
INSERT INTO django_migrations VALUES(39,'products','0006_alter_favorite_product','2025-09-01 19:30:27.705435');
INSERT INTO django_migrations VALUES(40,'customers','0009_alter_client_image','2025-09-03 15:44:16.449750');
INSERT INTO django_migrations VALUES(41,'products','0007_alter_product_image','2025-09-03 15:44:16.454129');
INSERT INTO django_migrations VALUES(42,'customers','0010_alter_client_image','2025-09-17 21:27:38.216038');
INSERT INTO django_migrations VALUES(43,'payments','0001_initial','2025-09-17 21:27:38.218602');
INSERT INTO django_migrations VALUES(44,'products','0008_alter_product_image','2025-09-17 21:27:38.221833');
INSERT INTO django_migrations VALUES(45,'customers','0011_bonus_uniq_bonus_per_order','2025-10-02 19:43:48.548962');
INSERT INTO django_migrations VALUES(46,'payments','0002_alter_payment_options','2025-10-02 19:43:48.551370');
INSERT INTO django_migrations VALUES(47,'payments','0003_alter_payment_amount','2025-11-27 15:56:37.399395');
INSERT INTO django_migrations VALUES(48,'products','0009_product_is_hit','2025-11-27 15:56:37.404395');
CREATE TABLE IF NOT EXISTS "auth_group_permissions" ("id" integer NOT NULL PRIMARY KEY AUTOINCREMENT, "group_id" integer NOT NULL REFERENCES "auth_group" ("id") DEFERRABLE INITIALLY DEFERRED, "permission_id" integer NOT NULL REFERENCES "auth_permission" ("id") DEFERRABLE INITIALLY DEFERRED);
CREATE TABLE IF NOT EXISTS "auth_user_groups" ("id" integer NOT NULL PRIMARY KEY AUTOINCREMENT, "user_id" integer NOT NULL REFERENCES "auth_user" ("id") DEFERRABLE INITIALLY DEFERRED, "group_id" integer NOT NULL REFERENCES "auth_group" ("id") DEFERRABLE INITIALLY DEFERRED);
CREATE TABLE IF NOT EXISTS "auth_user_user_permissions" ("id" integer NOT NULL PRIMARY KEY AUTOINCREMENT, "user_id" integer NOT NULL REFERENCES "auth_user" ("id") DEFERRABLE INITIALLY DEFERRED, "permission_id" integer NOT NULL REFERENCES "auth_permission" ("id") DEFERRABLE INITIALLY DEFERRED);
CREATE TABLE IF NOT EXISTS "django_admin_log" ("id" integer NOT NULL PRIMARY KEY AUTOINCREMENT, "object_id" text NULL, "object_repr" varchar(200) NOT NULL, "action_flag" smallint unsigned NOT NULL CHECK ("action_flag" >= 0), "change_message" text NOT NULL, "content_type_id" integer NULL REFERENCES "django_content_type" ("id") DEFERRABLE INITIALLY DEFERRED, "user_id" integer NOT NULL REFERENCES "auth_user" ("id") DEFERRABLE INITIALLY DEFERRED, "action_time" datetime NOT NULL);
INSERT INTO django_admin_log VALUES(1,'1','Клюшка',1,'[{"added": {}}]',8,1,'2025-07-31 13:01:59.124817');
INSERT INTO django_admin_log VALUES(2,'1','ССМ',1,'[{"added": {}}]',7,1,'2025-07-31 13:02:07.553001');
INSERT INTO django_admin_log VALUES(3,'2','Игрок',1,'[{"added": {}}]',8,1,'2025-07-31 13:02:22.522410');
INSERT INTO django_admin_log VALUES(4,'2','Игрок',2,'[]',8,1,'2025-07-31 13:02:29.948500');
INSERT INTO django_admin_log VALUES(5,'1','Игрок → Клюшка',2,'[{"changed": {"fields": ["\u0420\u043e\u0434\u0438\u0442\u0435\u043b\u044c\u0441\u043a\u0430\u044f \u043a\u0430\u0442\u0435\u0433\u043e\u0440\u0438\u044f"]}}]',8,1,'2025-07-31 13:02:34.531684');
INSERT INTO django_admin_log VALUES(6,'1','Клюшка CCM JetSpeed FT 8 Pro',1,'[{"added": {}}]',9,1,'2025-07-31 13:03:27.262670');
INSERT INTO django_admin_log VALUES(7,'1','Клюшка CCM JetSpeed FT 8 Pro (Размер: Флекс 55, Цена: 15000)',1,'[{"added": {}}]',10,1,'2025-07-31 13:04:06.028940');
INSERT INTO django_admin_log VALUES(8,'2','Bauer',1,'[{"added": {}}]',7,1,'2025-07-31 13:04:17.470989');
INSERT INTO django_admin_log VALUES(9,'2','Клюшка Bauer HyperLite2',1,'[{"added": {}}]',9,1,'2025-07-31 13:05:51.043983');
INSERT INTO django_admin_log VALUES(10,'1','Клюшка CCM JetSpeed FT 8 Pro',2,'[{"changed": {"fields": ["\u0421\u043a\u0438\u0434\u043a\u0430 (%)"]}}]',9,1,'2025-07-31 13:06:07.285262');
INSERT INTO django_admin_log VALUES(11,'1','Клюшка CCM JetSpeed FT 8 Pro',2,'[{"changed": {"fields": ["\u0421\u043a\u0438\u0434\u043a\u0430 (%)"]}}]',9,1,'2025-07-31 13:06:12.671747');
INSERT INTO django_admin_log VALUES(12,'2','Клюшка Bauer HyperLite2 (Размер: Флекс 40, Цена: 10900)',1,'[{"added": {}}]',10,1,'2025-07-31 13:06:32.682360');
INSERT INTO django_admin_log VALUES(13,'1','Summer25',1,'[{"added": {}}]',13,1,'2025-07-31 13:06:54.572898');
INSERT INTO django_admin_log VALUES(14,'1','Ропотан Вадим',1,'[{"added": {}}]',12,1,'2025-07-31 13:08:04.638313');
INSERT INTO django_admin_log VALUES(15,'1','1 Summer25',1,'[{"added": {}}]',14,1,'2025-07-31 13:08:14.699784');
INSERT INTO django_admin_log VALUES(16,'1','Корзина № 1',1,'[{"added": {}}]',16,1,'2025-07-31 13:14:06.830409');
INSERT INTO django_admin_log VALUES(17,'1','Количество: 1',1,'[{"added": {}}]',17,1,'2025-07-31 13:14:18.273870');
INSERT INTO django_admin_log VALUES(18,'2','Корзина № 2',1,'[{"added": {}}]',16,1,'2025-07-31 13:14:27.312326');
INSERT INTO django_admin_log VALUES(19,'2','Количество: 1',1,'[{"added": {}}]',17,1,'2025-07-31 13:14:36.720353');
INSERT INTO django_admin_log VALUES(20,'2','Клюшка Bauer HyperLite2',2,'[{"changed": {"fields": ["\u0421\u043a\u0438\u0434\u043a\u0430 (%)"]}}]',9,1,'2025-07-31 13:14:44.125046');
INSERT INTO django_admin_log VALUES(21,'2','Клюшка Bauer HyperLite2',2,'[{"changed": {"fields": ["\u0421\u043a\u0438\u0434\u043a\u0430 (%)"]}}]',9,1,'2025-07-31 13:14:53.263325');
INSERT INTO django_admin_log VALUES(22,'1','Заказ №1',1,'[{"added": {}}]',18,1,'2025-07-31 13:18:44.749880');
INSERT INTO django_admin_log VALUES(23,'1','Заказ №1',3,'',18,1,'2025-07-31 13:19:10.880847');
INSERT INTO django_admin_log VALUES(24,'2','Заказ №2',1,'[{"added": {}}]',18,1,'2025-07-31 13:19:21.680262');
INSERT INTO django_admin_log VALUES(25,'2','Заказ №2',2,'[{"changed": {"fields": ["\u0414\u0430\u0442\u0430 \u0441\u043e\u0437\u0434\u0430\u043d\u0438\u044f \u0437\u0430\u043a\u0430\u0437\u0430", "\u0417\u0430\u043a\u0430\u0437", "\u0410\u0434\u0440\u0435\u0441 \u0434\u043e\u0441\u0442\u0430\u0432\u043a\u0438"]}}]',16,1,'2025-07-31 15:36:26.455829');
INSERT INTO django_admin_log VALUES(26,'2','Заказ №2',2,'[]',16,1,'2025-07-31 15:44:44.606166');
INSERT INTO django_admin_log VALUES(27,'3','Корзина №3',1,'[{"added": {}}]',16,1,'2025-07-31 15:45:28.926495');
INSERT INTO django_admin_log VALUES(28,'3','Заказ №3',2,'[{"changed": {"fields": ["\u0417\u0430\u043a\u0430\u0437"]}}]',16,1,'2025-07-31 15:45:39.446212');
INSERT INTO django_admin_log VALUES(29,'3','Заказ №3',3,'',16,1,'2025-07-31 15:45:45.051389');
INSERT INTO django_admin_log VALUES(30,'1','Ропотан Вадим',2,'[]',12,1,'2025-08-01 10:35:26.747816');
INSERT INTO django_admin_log VALUES(31,'2','Клюшка Bauer HyperLite2',2,'[{"changed": {"fields": ["\u041d\u043e\u0432\u044b\u0439 \u0442\u043e\u0432\u0430\u0440"]}}]',9,1,'2025-08-01 10:36:20.969261');
INSERT INTO django_admin_log VALUES(32,'2','Дубровин Владимир',1,'[{"added": {}}]',12,1,'2025-08-03 16:09:45.075476');
INSERT INTO django_admin_log VALUES(33,'1','Ропотан Вадим: 0 (до 2026-08-03)',1,'[{"added": {}}]',11,1,'2025-08-03 16:38:01.747789');
INSERT INTO django_admin_log VALUES(34,'1','Ропотан Вадим: 0.00 (до 2026-08-03)',2,'[{"changed": {"fields": ["\u0417\u0430\u043a\u0430\u0437"]}}]',11,1,'2025-08-03 16:38:25.162918');
INSERT INTO django_admin_log VALUES(35,'1','Ропотан Вадим: 0.00 (до 2026-08-03)',2,'[{"changed": {"fields": ["\u0417\u0430\u043a\u0430\u0437"]}}]',11,1,'2025-08-03 16:38:31.259511');
INSERT INTO django_admin_log VALUES(36,'2','Заказ №2',2,'[{"changed": {"fields": ["\u0421\u0442\u0430\u0442\u0443\u0441 \u0437\u0430\u043a\u0430\u0437\u0430"]}}]',16,1,'2025-08-03 17:37:25.705632');
INSERT INTO django_admin_log VALUES(37,'1','Ропотан Вадим: 0.00 (до 2026-08-03)',2,'[]',11,1,'2025-08-03 17:37:31.749179');
INSERT INTO django_admin_log VALUES(38,'3','Клюшка CCM JetSpeed FT 8 Pro (Размер: Флекс 20, Цвет: 12000)',1,'[{"added": {}}]',10,1,'2025-08-03 18:18:54.654515');
INSERT INTO django_admin_log VALUES(39,'3','Клюшка CCM JetSpeed FT 8 Pro (Размер: Флекс 20, Цена: 12000)',2,'[{"changed": {"fields": ["\u0426\u0432\u0435\u0442", "\u0411\u0430\u0437\u043e\u0432\u0430\u044f \u0446\u0435\u043d\u0430"]}}]',10,1,'2025-08-06 12:16:39.937591');
INSERT INTO django_admin_log VALUES(40,'1','Ропотан Вадим',2,'[]',12,1,'2025-08-06 16:42:25.181267');
INSERT INTO django_admin_log VALUES(41,'1','Ропотан Вадим',2,'[{"changed": {"fields": ["\u041f\u043e\u043b\u044c\u0437\u043e\u0432\u0430\u0442\u0435\u043b\u044c"]}}]',12,1,'2025-08-06 16:43:14.055295');
INSERT INTO django_admin_log VALUES(42,'2','Дубровин Владимир',3,'',12,1,'2025-08-06 16:43:30.675712');
INSERT INTO django_admin_log VALUES(43,'1','admin',2,'[{"changed": {"fields": ["Email address"]}}]',4,1,'2025-08-07 10:12:49.762050');
INSERT INTO django_admin_log VALUES(44,'1','Ропотан Вадим',2,'[]',12,1,'2025-08-07 16:53:34.345356');
INSERT INTO django_admin_log VALUES(45,'2','у у',1,'[{"added": {}}]',12,1,'2025-08-07 16:53:51.727455');
INSERT INTO django_admin_log VALUES(46,'2','у у',3,'',12,1,'2025-08-08 21:39:49.021917');
INSERT INTO django_admin_log VALUES(47,'3','Дубровин Владимир',3,'',12,1,'2025-08-08 21:39:55.651383');
INSERT INTO django_admin_log VALUES(48,'3','dubrovinvof@yandex.ru',3,'',4,1,'2025-08-08 21:41:27.656284');
INSERT INTO django_admin_log VALUES(49,'2','dubrovinvoff@yandex.ru',3,'',4,1,'2025-08-08 21:41:27.656331');
INSERT INTO django_admin_log VALUES(50,'4','dubrovinvoff@yandex.ru',3,'',4,1,'2025-08-08 21:42:56.894985');
INSERT INTO django_admin_log VALUES(51,'5','dubrovinvoff@yandex.ru',3,'',4,1,'2025-08-08 21:44:05.735988');
INSERT INTO django_admin_log VALUES(52,'4','Дубровин Владимир',3,'',12,1,'2025-08-08 21:45:33.330648');
INSERT INTO django_admin_log VALUES(53,'6','dubrovinvoff@yandex.ru',3,'',4,1,'2025-08-08 21:45:40.439646');
INSERT INTO django_admin_log VALUES(54,'5','Дубровин Владимир',3,'',12,1,'2025-08-08 21:49:48.690944');
INSERT INTO django_admin_log VALUES(55,'7','dubrovinvoff@yandex.ru',3,'',4,1,'2025-08-08 21:49:58.944458');
INSERT INTO django_admin_log VALUES(56,'6','Дубровин Владимир',2,'[{"changed": {"fields": ["\u041e\u0442\u0447\u0435\u0441\u0442\u0432\u043e \u043a\u043b\u0438\u0435\u043d\u0442\u0430"]}}]',12,1,'2025-08-10 12:38:10.280679');
INSERT INTO django_admin_log VALUES(57,'6','Дубровин Владимир',2,'[{"changed": {"fields": ["\u041e\u0442\u0447\u0435\u0441\u0442\u0432\u043e \u043a\u043b\u0438\u0435\u043d\u0442\u0430"]}}]',12,1,'2025-08-10 12:38:36.556811');
INSERT INTO django_admin_log VALUES(58,'1','Корзина №1',2,'[{"changed": {"fields": ["\u0421\u0442\u0430\u0442\u0443\u0441 \u0437\u0430\u043a\u0430\u0437\u0430", "\u0410\u0434\u0440\u0435\u0441 \u0434\u043e\u0441\u0442\u0430\u0432\u043a\u0438"]}}]',16,1,'2025-08-10 12:41:19.953782');
INSERT INTO django_admin_log VALUES(59,'1','Корзина №1',2,'[{"changed": {"fields": ["\u0421\u0442\u0430\u0442\u0443\u0441 \u0437\u0430\u043a\u0430\u0437\u0430"]}}]',16,1,'2025-08-10 12:41:58.141390');
INSERT INTO django_admin_log VALUES(60,'1','Заказ №1',2,'[{"changed": {"fields": ["\u0417\u0430\u043a\u0430\u0437", "\u0421\u0442\u0430\u0442\u0443\u0441 \u0437\u0430\u043a\u0430\u0437\u0430"]}}]',16,1,'2025-08-10 12:42:33.208234');
INSERT INTO django_admin_log VALUES(61,'1','Заказ №1',2,'[{"changed": {"fields": ["\u0421\u0442\u0430\u0442\u0443\u0441 \u0437\u0430\u043a\u0430\u0437\u0430"]}}]',16,1,'2025-08-10 12:42:59.407846');
INSERT INTO django_admin_log VALUES(62,'9','vova',3,'',4,1,'2025-08-10 12:46:38.390081');
INSERT INTO django_admin_log VALUES(63,'8','dubrovinvoff@yandex.ru',2,'[]',4,1,'2025-08-10 12:48:59.185872');
INSERT INTO django_admin_log VALUES(64,'3','fasts',1,'[{"added": {}}]',9,1,'2025-08-10 12:55:12.632600');
INSERT INTO django_admin_log VALUES(65,'3','fasts',3,'',9,1,'2025-08-10 12:56:50.828352');
INSERT INTO django_admin_log VALUES(66,'8','Дубровин Владимир',3,'',12,1,'2025-08-10 13:00:51.240047');
INSERT INTO django_admin_log VALUES(67,'7','Дубровин Владимир',3,'',12,1,'2025-08-10 13:00:51.240094');
INSERT INTO django_admin_log VALUES(68,'11','dubrvinvff@yadex.ru',3,'',4,1,'2025-08-10 14:15:18.472278');
INSERT INTO django_admin_log VALUES(69,'10','dubrvinvff@yandex.ru',3,'',4,1,'2025-08-10 14:15:18.472323');
INSERT INTO django_admin_log VALUES(70,'9','Дубровин Владимир',3,'',12,1,'2025-08-10 14:16:01.607239');
INSERT INTO django_admin_log VALUES(71,'12','dubrvinvff@yadex.ru',3,'',4,1,'2025-08-10 14:16:11.822085');
INSERT INTO django_admin_log VALUES(72,'6','Дубровин Владимир',2,'[]',12,1,'2025-08-11 10:47:06.970384');
INSERT INTO django_admin_log VALUES(73,'6','Дубровин Владимир',2,'[{"changed": {"fields": ["\u041d\u043e\u043c\u0435\u0440 \u0442\u0435\u043b\u0435\u0444\u043e\u043d\u0430 \u043a\u043b\u0438\u0435\u043d\u0442\u0430"]}}]',12,1,'2025-08-11 10:47:12.588883');
INSERT INTO django_admin_log VALUES(74,'6','Дубровин Владимир',2,'[{"changed": {"fields": ["\u041d\u043e\u043c\u0435\u0440 \u0442\u0435\u043b\u0435\u0444\u043e\u043d\u0430 \u043a\u043b\u0438\u0435\u043d\u0442\u0430"]}}]',12,1,'2025-08-11 10:47:17.520680');
INSERT INTO django_admin_log VALUES(75,'7','Дубровин Владимир',3,'',12,1,'2025-08-11 10:48:14.841261');
INSERT INTO django_admin_log VALUES(76,'13','dubrvinvff@yadex.ru',3,'',4,1,'2025-08-11 10:48:32.041856');
INSERT INTO django_admin_log VALUES(77,'6','Дубровин Владимир',2,'[{"changed": {"fields": ["\u041d\u043e\u043c\u0435\u0440 \u0442\u0435\u043b\u0435\u0444\u043e\u043d\u0430 \u043a\u043b\u0438\u0435\u043d\u0442\u0430"]}}]',12,1,'2025-08-11 10:48:56.182561');
INSERT INTO django_admin_log VALUES(78,'6','Дубровин Владимир',2,'[{"changed": {"fields": ["\u041d\u043e\u043c\u0435\u0440 \u0442\u0435\u043b\u0435\u0444\u043e\u043d\u0430 \u043a\u043b\u0438\u0435\u043d\u0442\u0430"]}}]',12,1,'2025-08-11 10:48:59.777749');
INSERT INTO django_admin_log VALUES(79,'6','Дубровин Владимир',2,'[{"changed": {"fields": ["\u041d\u043e\u043c\u0435\u0440 \u0442\u0435\u043b\u0435\u0444\u043e\u043d\u0430 \u043a\u043b\u0438\u0435\u043d\u0442\u0430"]}}]',12,1,'2025-08-11 10:54:54.109289');
INSERT INTO django_admin_log VALUES(80,'6','Дубровин Владимир',2,'[{"changed": {"fields": ["\u041d\u043e\u043c\u0435\u0440 \u0442\u0435\u043b\u0435\u0444\u043e\u043d\u0430 \u043a\u043b\u0438\u0435\u043d\u0442\u0430"]}}]',12,1,'2025-08-11 10:54:57.551784');
INSERT INTO django_admin_log VALUES(81,'8','Дубровин Владимир',2,'[]',12,1,'2025-08-11 10:55:27.171757');
INSERT INTO django_admin_log VALUES(82,'1','Ропотан Вадим',2,'[]',12,1,'2025-08-11 11:00:49.981628');
INSERT INTO django_admin_log VALUES(83,'8','Дубровин Владимир',3,'',12,1,'2025-08-11 11:16:51.414747');
INSERT INTO django_admin_log VALUES(84,'14','dubrvinvff@yadex.ru',3,'',4,1,'2025-08-11 11:17:05.179524');
INSERT INTO django_admin_log VALUES(85,'9','Дубровин Владимир',3,'',12,1,'2025-08-11 11:18:32.777620');
INSERT INTO django_admin_log VALUES(86,'15','dubrvinvff@yadex.ru',3,'',4,1,'2025-08-11 11:18:42.047440');
INSERT INTO django_admin_log VALUES(87,'16','dubrvinvff@yadex.ru',3,'',4,1,'2025-08-11 11:20:39.732630');
INSERT INTO django_admin_log VALUES(88,'17','dubrvinvff@yadex.ru',3,'',4,1,'2025-08-11 11:21:11.840446');
INSERT INTO django_admin_log VALUES(89,'18','dubrvinvff@yadex.ru',3,'',4,1,'2025-08-11 14:38:00.445957');
INSERT INTO django_admin_log VALUES(90,'1','Summer25',2,'[]',13,1,'2025-08-11 14:38:12.676092');
INSERT INTO django_admin_log VALUES(91,'1','Summer25',2,'[{"changed": {"fields": ["\u0421\u0443\u043c\u043c\u0430 \u0441\u043a\u0438\u0434\u043a\u0438 (\u0432 %)"]}}]',13,1,'2025-08-11 14:38:18.315698');
INSERT INTO django_admin_log VALUES(92,'1','Ропотан Вадим: 0.00 (до 2026-08-03)',2,'[]',11,1,'2025-08-11 14:59:21.440775');
INSERT INTO django_admin_log VALUES(93,'1','Заказ №1',2,'[{"changed": {"fields": ["\u0421\u0442\u0430\u0442\u0443\u0441 \u0437\u0430\u043a\u0430\u0437\u0430"]}}]',16,1,'2025-08-11 14:59:39.040836');
INSERT INTO django_admin_log VALUES(94,'1','Ропотан Вадим: 0.00 (до 2026-08-03)',2,'[{"changed": {"fields": ["\u0417\u0430\u043a\u0430\u0437"]}}]',11,1,'2025-08-11 14:59:49.670863');
INSERT INTO django_admin_log VALUES(95,'1','Заказ №1',2,'[{"changed": {"fields": ["\u0414\u0430\u0442\u0430 \u0441\u043e\u0437\u0434\u0430\u043d\u0438\u044f \u0437\u0430\u043a\u0430\u0437\u0430"]}}]',16,1,'2025-08-11 15:00:10.007891');
INSERT INTO django_admin_log VALUES(96,'1','Ропотан Вадим: 0.00 (до 2026-08-03)',2,'[]',11,1,'2025-08-11 15:00:25.158559');
INSERT INTO django_admin_log VALUES(97,'1','Ропотан Вадим: 0.00 (до 2026-08-03)',2,'[{"changed": {"fields": ["\u0410\u043a\u0442\u0438\u0432\u0435\u043d"]}}]',11,1,'2025-08-11 15:00:30.185746');
INSERT INTO django_admin_log VALUES(98,'1','Ропотан Вадим: 0.00 (до 2026-08-03)',2,'[{"changed": {"fields": ["\u0410\u043a\u0442\u0438\u0432\u0435\u043d"]}}]',11,1,'2025-08-11 15:00:42.001341');
INSERT INTO django_admin_log VALUES(99,'1','Ропотан Вадим: 0.00 (до 2026-08-03)',2,'[]',11,1,'2025-08-11 15:22:00.163378');
INSERT INTO django_admin_log VALUES(100,'1','Заказ №1',2,'[{"changed": {"fields": ["\u0421\u0442\u0430\u0442\u0443\u0441 \u0437\u0430\u043a\u0430\u0437\u0430"]}}]',16,1,'2025-08-11 15:22:17.640556');
INSERT INTO django_admin_log VALUES(101,'1','Ропотан Вадим: 0.00 (до 2026-08-03)',2,'[{"changed": {"fields": ["\u0410\u043a\u0442\u0438\u0432\u0435\u043d"]}}]',11,1,'2025-08-11 15:22:33.336266');
INSERT INTO django_admin_log VALUES(102,'1','Ропотан Вадим: 0.00 (до 2026-08-03)',2,'[{"changed": {"fields": ["\u0410\u043a\u0442\u0438\u0432\u0435\u043d"]}}]',11,1,'2025-08-11 15:22:36.799039');
INSERT INTO django_admin_log VALUES(103,'1','Ропотан Вадим: 0.00 (до 2025-08-11)',2,'[{"changed": {"fields": ["\u0414\u0430\u0442\u0430 \u0441\u0433\u043e\u0440\u0430\u043d\u0438\u044f"]}}]',11,1,'2025-08-11 15:22:45.902158');
INSERT INTO django_admin_log VALUES(104,'1','Заказ №1',2,'[{"changed": {"fields": ["\u0414\u0430\u0442\u0430 \u043e\u0431\u043d\u043e\u0432\u043b\u0435\u043d\u0438\u044f \u043a\u043e\u0440\u0437\u0438\u043d\u044b", "\u0414\u0430\u0442\u0430 \u0441\u043e\u0437\u0434\u0430\u043d\u0438\u044f \u043a\u043e\u0440\u0437\u0438\u043d\u044b", "\u0421\u0442\u0430\u0442\u0443\u0441 \u0437\u0430\u043a\u0430\u0437\u0430"]}}]',16,1,'2025-08-11 15:38:04.235215');
INSERT INTO django_admin_log VALUES(105,'1','Заказ №1',2,'[]',16,1,'2025-08-11 15:39:21.622604');
INSERT INTO django_admin_log VALUES(106,'1','Ропотан Вадим: 0.00 (до 2025-08-11)',2,'[]',11,1,'2025-08-11 15:40:10.406426');
INSERT INTO django_admin_log VALUES(107,'2','Заказ №2',2,'[{"changed": {"fields": ["\u0414\u0430\u0442\u0430 \u0441\u043e\u0437\u0434\u0430\u043d\u0438\u044f \u0437\u0430\u043a\u0430\u0437\u0430", "\u0414\u0430\u0442\u0430 \u043e\u0431\u043d\u043e\u0432\u043b\u0435\u043d\u0438\u044f \u043a\u043e\u0440\u0437\u0438\u043d\u044b", "\u0414\u0430\u0442\u0430 \u0441\u043e\u0437\u0434\u0430\u043d\u0438\u044f \u043a\u043e\u0440\u0437\u0438\u043d\u044b"]}}]',16,1,'2025-08-11 15:40:29.012860');
INSERT INTO django_admin_log VALUES(108,'2','Дубровин Владимир: 0 (до 2026-08-11)',1,'[{"added": {}}]',11,1,'2025-08-11 15:40:52.344119');
INSERT INTO django_admin_log VALUES(109,'1','Заказ №1',2,'[]',16,1,'2025-08-11 15:46:17.770642');
INSERT INTO django_admin_log VALUES(110,'1','Заказ №1',2,'[{"changed": {"fields": ["\u0421\u0442\u0430\u0442\u0443\u0441 \u0437\u0430\u043a\u0430\u0437\u0430"]}}]',16,1,'2025-08-11 15:46:46.347154');
INSERT INTO django_admin_log VALUES(111,'1','Ропотан Вадим: 0.00 (до 2025-08-11)',2,'[{"changed": {"fields": ["\u0414\u0430\u0442\u0430 \u0441\u0433\u043e\u0440\u0430\u043d\u0438\u044f"]}}]',11,1,'2025-08-11 15:48:48.496426');
INSERT INTO django_admin_log VALUES(112,'1','Ропотан Вадим: 100 (до 2025-08-11)',2,'[{"changed": {"fields": ["\u0421\u0443\u043c\u043c\u0430 \u0431\u043e\u043d\u0443\u0441\u043e\u0432"]}}]',11,1,'2025-08-11 15:49:09.411573');
INSERT INTO django_admin_log VALUES(113,'1','Ропотан Вадим: 100.00 (до 2025-08-11)',2,'[{"changed": {"fields": ["\u0417\u0430\u043a\u0430\u0437"]}}]',11,1,'2025-08-11 15:49:37.277134');
INSERT INTO django_admin_log VALUES(114,'1','Ропотан Вадим: 100.00 (до 2025-08-11)',2,'[{"changed": {"fields": ["\u0417\u0430\u043a\u0430\u0437"]}}]',11,1,'2025-08-11 15:49:41.229044');
INSERT INTO django_admin_log VALUES(115,'2','Ропотан Вадим: 0.00 (до 2026-08-11)',2,'[{"changed": {"fields": ["\u041a\u043b\u0438\u0435\u043d\u0442"]}}]',11,1,'2025-08-11 15:49:56.246638');
INSERT INTO django_admin_log VALUES(116,'2','Ропотан Вадим: 0.00 (до 2026-08-11)',2,'[{"changed": {"fields": ["\u0417\u0430\u043a\u0430\u0437"]}}]',11,1,'2025-08-11 16:33:44.262601');
INSERT INTO django_admin_log VALUES(117,'2','Заказ №2',2,'[{"changed": {"fields": ["\u0421\u0442\u0430\u0442\u0443\u0441 \u0437\u0430\u043a\u0430\u0437\u0430"]}}]',16,1,'2025-08-11 16:33:54.476536');
INSERT INTO django_admin_log VALUES(118,'2','Ропотан Вадим: 0.00 (до 2025-08-11)',2,'[{"changed": {"fields": ["\u0414\u0430\u0442\u0430 \u0441\u0433\u043e\u0440\u0430\u043d\u0438\u044f"]}}]',11,1,'2025-08-11 16:34:08.368550');
INSERT INTO django_admin_log VALUES(119,NULL,'Заказ №None',1,'[{"added": {}}]',16,1,'2025-08-11 16:34:51.297384');
INSERT INTO django_admin_log VALUES(120,NULL,'Заказ №None',1,'[{"added": {}}]',16,1,'2025-08-11 16:37:32.085447');
INSERT INTO django_admin_log VALUES(121,'2','Количество: 1',2,'[]',17,1,'2025-08-11 16:39:27.544377');
INSERT INTO django_admin_log VALUES(122,'3','Количество: 1',1,'[{"added": {}}]',17,1,'2025-08-11 16:39:37.905282');
INSERT INTO django_admin_log VALUES(123,'1','Заказ №1',2,'[]',16,1,'2025-08-11 16:39:51.341317');
INSERT INTO django_admin_log VALUES(124,'2','Ропотан Вадим: 0.00 (до 2025-08-11)',3,'',11,1,'2025-08-11 16:40:05.845793');
INSERT INTO django_admin_log VALUES(125,'1','Ропотан Вадим: 100.00 (до 2025-08-11)',3,'',11,1,'2025-08-11 16:40:05.845832');
INSERT INTO django_admin_log VALUES(126,'1','Заказ №1',2,'[{"changed": {"fields": ["\u0421\u0442\u0430\u0442\u0443\u0441 \u0437\u0430\u043a\u0430\u0437\u0430"]}}]',16,1,'2025-08-11 16:40:14.130770');
INSERT INTO django_admin_log VALUES(127,'3','Ропотан Вадим: 0 (до 2026-08-11)',1,'[{"added": {}}]',11,1,'2025-08-11 16:40:27.041382');
INSERT INTO django_admin_log VALUES(128,'4','Заказ №4',1,'[{"added": {}}]',16,1,'2025-08-11 17:59:11.896726');
INSERT INTO django_admin_log VALUES(129,'4','Количество: 1',1,'[{"added": {}}]',17,1,'2025-08-11 18:02:14.409599');
INSERT INTO django_admin_log VALUES(130,'4','Заказ №4',2,'[{"changed": {"fields": ["\u0421\u0442\u0430\u0442\u0443\u0441 \u0437\u0430\u043a\u0430\u0437\u0430"]}}]',16,1,'2025-08-11 18:03:06.491971');
INSERT INTO django_admin_log VALUES(131,'4','Дубровин Владимир: 0 (до 2026-08-11)',1,'[{"added": {}}]',11,1,'2025-08-11 18:03:19.598803');
INSERT INTO django_admin_log VALUES(132,'4','Заказ №4',2,'[{"changed": {"fields": ["\u0421\u0442\u0430\u0442\u0443\u0441 \u0437\u0430\u043a\u0430\u0437\u0430"]}}]',16,1,'2025-08-11 18:03:31.036691');
INSERT INTO django_admin_log VALUES(133,'4','Заказ №4',2,'[{"changed": {"fields": ["\u0421\u0442\u0430\u0442\u0443\u0441 \u0437\u0430\u043a\u0430\u0437\u0430"]}}]',16,1,'2025-08-11 18:03:38.169556');
INSERT INTO django_admin_log VALUES(134,'4','Дубровин Владимир: 0.00 (до 2026-08-11)',2,'[]',11,1,'2025-08-11 18:05:03.441050');
INSERT INTO django_admin_log VALUES(135,'4','Корзина №4',2,'[{"changed": {"fields": ["\u0417\u0430\u043a\u0430\u0437", "\u0421\u0442\u0430\u0442\u0443\u0441 \u0437\u0430\u043a\u0430\u0437\u0430"]}}]',16,1,'2025-08-11 18:30:16.187548');
INSERT INTO django_admin_log VALUES(136,'4','Заказ №4',2,'[{"changed": {"fields": ["\u0421\u0442\u0430\u0442\u0443\u0441 \u0437\u0430\u043a\u0430\u0437\u0430"]}}]',16,1,'2025-08-11 18:30:20.069817');
INSERT INTO django_admin_log VALUES(137,'4','Дубровин Владимир: 0.00 (до 2026-08-11)',2,'[]',11,1,'2025-08-11 18:30:32.253613');
INSERT INTO django_admin_log VALUES(138,'4','Заказ №4',3,'',16,1,'2025-08-11 18:32:14.419184');
INSERT INTO django_admin_log VALUES(139,'2','Заказ №2',3,'',16,1,'2025-08-11 18:32:14.419221');
INSERT INTO django_admin_log VALUES(140,'5','Корзина №5',1,'[{"added": {}}]',16,1,'2025-08-11 18:32:31.054196');
INSERT INTO django_admin_log VALUES(141,'1','Количество: 1',2,'[{"changed": {"fields": ["\u041a\u043e\u0440\u0437\u0438\u043d\u0430"]}}]',17,1,'2025-08-11 18:32:39.942406');
INSERT INTO django_admin_log VALUES(142,'5','Заказ №5',2,'[{"changed": {"fields": ["\u0421\u0442\u0430\u0442\u0443\u0441 \u0437\u0430\u043a\u0430\u0437\u0430"]}}]',16,1,'2025-08-11 18:32:50.076855');
INSERT INTO django_admin_log VALUES(143,'5','Дубровин Владимир: 0 (до 2026-08-11)',1,'[{"added": {}}]',11,1,'2025-08-11 18:33:08.087053');
INSERT INTO django_admin_log VALUES(144,'5','Дубровин Владимир: 0.00 (до 2026-08-11)',2,'[]',11,1,'2025-08-11 18:33:44.078046');
INSERT INTO django_admin_log VALUES(145,'5','Заказ №5',2,'[{"changed": {"fields": ["\u0421\u0442\u0430\u0442\u0443\u0441 \u0437\u0430\u043a\u0430\u0437\u0430"]}}]',16,1,'2025-08-11 18:33:50.534606');
INSERT INTO django_admin_log VALUES(146,'5','Заказ №5',2,'[{"changed": {"fields": ["\u0421\u0442\u0430\u0442\u0443\u0441 \u0437\u0430\u043a\u0430\u0437\u0430"]}}]',16,1,'2025-08-11 18:33:55.013568');
INSERT INTO django_admin_log VALUES(147,'5','Дубровин Владимир: 0.00 (до 2026-08-11)',2,'[{"changed": {"fields": ["\u0410\u043a\u0442\u0438\u0432\u0435\u043d"]}}]',11,1,'2025-08-11 18:34:08.742574');
INSERT INTO django_admin_log VALUES(148,'5','Дубровин Владимир: 0.00 (до 2026-08-11)',2,'[{"changed": {"fields": ["\u0410\u043a\u0442\u0438\u0432\u0435\u043d"]}}]',11,1,'2025-08-11 18:34:12.965018');
INSERT INTO django_admin_log VALUES(149,'5','Заказ №5',2,'[{"changed": {"fields": ["\u0421\u0442\u0430\u0442\u0443\u0441 \u0437\u0430\u043a\u0430\u0437\u0430"]}}]',16,1,'2025-08-11 18:41:15.241469');
INSERT INTO django_admin_log VALUES(150,'5','Заказ №5',2,'[{"changed": {"fields": ["\u0421\u0442\u0430\u0442\u0443\u0441 \u0437\u0430\u043a\u0430\u0437\u0430"]}}]',16,1,'2025-08-11 18:41:20.470398');
INSERT INTO django_admin_log VALUES(151,'5','Дубровин Владимир: 0.00 (до 2025-08-11)',2,'[{"changed": {"fields": ["\u0414\u0430\u0442\u0430 \u0441\u0433\u043e\u0440\u0430\u043d\u0438\u044f"]}}]',11,1,'2025-08-11 18:41:30.726798');
INSERT INTO django_admin_log VALUES(152,'5','Дубровин Владимир: 0.00 (до 2025-08-11)',2,'[]',11,1,'2025-08-11 18:43:01.854807');
INSERT INTO django_admin_log VALUES(153,'5','Заказ №5',2,'[]',16,1,'2025-08-11 18:43:07.903419');
INSERT INTO django_admin_log VALUES(154,'6','Корзина №6',1,'[{"added": {}}]',16,1,'2025-08-11 18:43:22.124143');
INSERT INTO django_admin_log VALUES(155,'1','Количество: 1',2,'[{"changed": {"fields": ["\u041a\u043e\u0440\u0437\u0438\u043d\u0430"]}}]',17,1,'2025-08-11 18:43:28.153271');
INSERT INTO django_admin_log VALUES(156,'1','Количество: 1',2,'[{"changed": {"fields": ["\u041a\u043e\u0440\u0437\u0438\u043d\u0430"]}}]',17,1,'2025-08-11 18:43:34.868366');
INSERT INTO django_admin_log VALUES(157,'5','Количество: 1',1,'[{"added": {}}]',17,1,'2025-08-11 18:43:44.270333');
INSERT INTO django_admin_log VALUES(158,'6','Заказ №6',2,'[{"changed": {"fields": ["\u0421\u0442\u0430\u0442\u0443\u0441 \u0437\u0430\u043a\u0430\u0437\u0430"]}}]',16,1,'2025-08-11 18:43:50.466534');
INSERT INTO django_admin_log VALUES(159,'5','Дубровин Владимир: 0.00 (до 2025-08-11)',2,'[{"changed": {"fields": ["\u0417\u0430\u043a\u0430\u0437"]}}]',11,1,'2025-08-11 18:44:02.648222');
INSERT INTO django_admin_log VALUES(160,'6','Дубровин Владимир: 0 (до 2026-08-11)',1,'[{"added": {}}]',11,1,'2025-08-11 18:44:09.134347');
INSERT INTO django_admin_log VALUES(161,'5','Дубровин Владимир: 0.00 (до 2025-08-11)',2,'[{"changed": {"fields": ["\u0417\u0430\u043a\u0430\u0437"]}}]',11,1,'2025-08-11 18:45:53.851335');
INSERT INTO django_admin_log VALUES(162,'5','Дубровин Владимир: 0.00 (до 2025-08-11)',2,'[]',11,1,'2025-08-11 18:46:05.581941');
INSERT INTO django_admin_log VALUES(163,'5','Заказ №5',2,'[{"changed": {"fields": ["\u0421\u0442\u0430\u0442\u0443\u0441 \u0437\u0430\u043a\u0430\u0437\u0430"]}}]',16,1,'2025-08-11 18:48:01.822302');
INSERT INTO django_admin_log VALUES(164,'5','Заказ №5',2,'[{"changed": {"fields": ["\u0421\u0442\u0430\u0442\u0443\u0441 \u0437\u0430\u043a\u0430\u0437\u0430"]}}]',16,1,'2025-08-11 18:48:13.622806');
INSERT INTO django_admin_log VALUES(165,'5','Заказ №5',2,'[{"changed": {"fields": ["\u0421\u0442\u0430\u0442\u0443\u0441 \u0437\u0430\u043a\u0430\u0437\u0430"]}}]',16,1,'2025-08-11 18:49:50.489774');
INSERT INTO django_admin_log VALUES(166,'5','Заказ №5',2,'[{"changed": {"fields": ["\u0421\u0442\u0430\u0442\u0443\u0441 \u0437\u0430\u043a\u0430\u0437\u0430"]}}]',16,1,'2025-08-11 18:55:23.675923');
INSERT INTO django_admin_log VALUES(167,'5','Заказ №5',2,'[{"changed": {"fields": ["\u0421\u0442\u0430\u0442\u0443\u0441 \u0437\u0430\u043a\u0430\u0437\u0430"]}}]',16,1,'2025-08-11 18:55:33.234807');
INSERT INTO django_admin_log VALUES(168,'5','Заказ №5',2,'[{"changed": {"fields": ["\u0421\u0442\u0430\u0442\u0443\u0441 \u0437\u0430\u043a\u0430\u0437\u0430"]}}]',16,1,'2025-08-11 18:55:39.312796');
INSERT INTO django_admin_log VALUES(169,'5','Заказ №5',2,'[{"changed": {"fields": ["\u0421\u0442\u0430\u0442\u0443\u0441 \u0437\u0430\u043a\u0430\u0437\u0430"]}}]',16,1,'2025-08-11 18:59:56.728811');
INSERT INTO django_admin_log VALUES(170,'5','Заказ №5',2,'[{"changed": {"fields": ["\u0421\u0442\u0430\u0442\u0443\u0441 \u0437\u0430\u043a\u0430\u0437\u0430"]}}]',16,1,'2025-08-11 19:00:05.171975');
INSERT INTO django_admin_log VALUES(171,'5','Заказ №5',2,'[{"changed": {"fields": ["\u0421\u0442\u0430\u0442\u0443\u0441 \u0437\u0430\u043a\u0430\u0437\u0430"]}}]',16,1,'2025-08-11 19:00:11.825131');
INSERT INTO django_admin_log VALUES(172,'7','Корзина №7',1,'[{"added": {}}]',16,1,'2025-08-11 19:00:32.475692');
INSERT INTO django_admin_log VALUES(173,'6','Заказ №6',3,'',16,1,'2025-08-11 19:00:37.878885');
INSERT INTO django_admin_log VALUES(174,'5','Заказ №5',3,'',16,1,'2025-08-11 19:00:37.878929');
INSERT INTO django_admin_log VALUES(175,'6','Количество: 1',1,'[{"added": {}}]',17,1,'2025-08-11 19:00:48.088843');
INSERT INTO django_admin_log VALUES(176,'7','Заказ №7',2,'[{"changed": {"fields": ["\u0421\u0442\u0430\u0442\u0443\u0441 \u0437\u0430\u043a\u0430\u0437\u0430"]}}]',16,1,'2025-08-11 19:00:54.778770');
INSERT INTO django_admin_log VALUES(177,'7','Корзина №7',2,'[{"changed": {"fields": ["\u0417\u0430\u043a\u0430\u0437", "\u0421\u0442\u0430\u0442\u0443\u0441 \u0437\u0430\u043a\u0430\u0437\u0430"]}}]',16,1,'2025-08-11 19:04:16.559535');
INSERT INTO django_admin_log VALUES(178,'7','Заказ №7',2,'[{"changed": {"fields": ["\u0421\u0442\u0430\u0442\u0443\u0441 \u0437\u0430\u043a\u0430\u0437\u0430"]}}]',16,1,'2025-08-11 19:04:22.711877');
INSERT INTO django_admin_log VALUES(179,'7','Заказ №7',3,'',16,1,'2025-08-11 19:04:57.163016');
INSERT INTO django_admin_log VALUES(180,'8','Корзина №8',1,'[{"added": {}}]',16,1,'2025-08-11 19:05:07.644924');
INSERT INTO django_admin_log VALUES(181,'7','Количество: 1',1,'[{"added": {}}]',17,1,'2025-08-11 19:05:15.253737');
INSERT INTO django_admin_log VALUES(182,'8','Заказ №8',2,'[{"changed": {"fields": ["\u0421\u0442\u0430\u0442\u0443\u0441 \u0437\u0430\u043a\u0430\u0437\u0430"]}}]',16,1,'2025-08-11 19:05:23.303169');
INSERT INTO django_admin_log VALUES(183,'8','Корзина №8',2,'[{"changed": {"fields": ["\u0414\u0430\u0442\u0430 \u0441\u043e\u0437\u0434\u0430\u043d\u0438\u044f \u0437\u0430\u043a\u0430\u0437\u0430", "\u0417\u0430\u043a\u0430\u0437", "\u0421\u0442\u0430\u0442\u0443\u0441 \u0437\u0430\u043a\u0430\u0437\u0430"]}}]',16,1,'2025-08-11 19:06:40.349855');
INSERT INTO django_admin_log VALUES(184,'8','Заказ №8',2,'[{"changed": {"fields": ["\u0421\u0442\u0430\u0442\u0443\u0441 \u0437\u0430\u043a\u0430\u0437\u0430"]}}]',16,1,'2025-08-11 19:06:45.981624');
INSERT INTO django_admin_log VALUES(185,'8','Заказ №8',3,'',16,1,'2025-08-11 19:07:29.062691');
INSERT INTO django_admin_log VALUES(186,'9','Корзина №9',1,'[{"added": {}}]',16,1,'2025-08-11 19:07:37.068171');
INSERT INTO django_admin_log VALUES(187,'8','Количество: 1',1,'[{"added": {}}]',17,1,'2025-08-11 19:07:46.423076');
INSERT INTO django_admin_log VALUES(188,'9','Заказ №9',2,'[{"changed": {"fields": ["\u0421\u0442\u0430\u0442\u0443\u0441 \u0437\u0430\u043a\u0430\u0437\u0430"]}}]',16,1,'2025-08-11 19:07:55.130552');
INSERT INTO django_admin_log VALUES(189,'9','Корзина №9',2,'[{"changed": {"fields": ["\u0414\u0430\u0442\u0430 \u0441\u043e\u0437\u0434\u0430\u043d\u0438\u044f \u0437\u0430\u043a\u0430\u0437\u0430", "\u0417\u0430\u043a\u0430\u0437", "\u0421\u0442\u0430\u0442\u0443\u0441 \u0437\u0430\u043a\u0430\u0437\u0430"]}}]',16,1,'2025-08-11 19:11:09.764287');
INSERT INTO django_admin_log VALUES(190,'9','Заказ №9',2,'[{"changed": {"fields": ["\u0421\u0442\u0430\u0442\u0443\u0441 \u0437\u0430\u043a\u0430\u0437\u0430"]}}]',16,1,'2025-08-11 19:11:15.296391');
INSERT INTO django_admin_log VALUES(191,'9','Корзина №9',2,'[{"changed": {"fields": ["\u0414\u0430\u0442\u0430 \u0441\u043e\u0437\u0434\u0430\u043d\u0438\u044f \u0437\u0430\u043a\u0430\u0437\u0430", "\u0417\u0430\u043a\u0430\u0437", "\u0421\u0442\u0430\u0442\u0443\u0441 \u0437\u0430\u043a\u0430\u0437\u0430"]}}]',16,1,'2025-08-11 19:11:42.672364');
INSERT INTO django_admin_log VALUES(192,'9','Заказ №9',2,'[{"changed": {"fields": ["\u0421\u0442\u0430\u0442\u0443\u0441 \u0437\u0430\u043a\u0430\u0437\u0430"]}}]',16,1,'2025-08-11 19:13:56.091327');
INSERT INTO django_admin_log VALUES(193,'7','Дубровин Владимир: 0 (до 2026-08-11)',1,'[{"added": {}}]',11,1,'2025-08-11 19:14:19.860440');
INSERT INTO django_admin_log VALUES(194,'9','Корзина №9',2,'[{"changed": {"fields": ["\u0417\u0430\u043a\u0430\u0437", "\u0421\u0442\u0430\u0442\u0443\u0441 \u0437\u0430\u043a\u0430\u0437\u0430"]}}]',16,1,'2025-08-11 19:14:35.465225');
INSERT INTO django_admin_log VALUES(195,'9','Заказ №9',2,'[{"changed": {"fields": ["\u0421\u0442\u0430\u0442\u0443\u0441 \u0437\u0430\u043a\u0430\u0437\u0430"]}}]',16,1,'2025-08-11 19:14:40.770118');
INSERT INTO django_admin_log VALUES(196,'9','Заказ №9',3,'',16,1,'2025-08-11 19:14:55.553639');
INSERT INTO django_admin_log VALUES(197,'10','Корзина №10',1,'[{"added": {}}]',16,1,'2025-08-11 19:15:07.318946');
INSERT INTO django_admin_log VALUES(198,'9','Количество: 1',1,'[{"added": {}}]',17,1,'2025-08-11 19:15:15.627436');
INSERT INTO django_admin_log VALUES(199,'8','Дубровин Владимир: 0 (до 2026-08-11)',1,'[{"added": {}}]',11,1,'2025-08-11 19:15:22.260284');
INSERT INTO django_admin_log VALUES(200,'10','Заказ №10',2,'[{"changed": {"fields": ["\u0421\u0442\u0430\u0442\u0443\u0441 \u0437\u0430\u043a\u0430\u0437\u0430"]}}]',16,1,'2025-08-11 19:15:29.240880');
INSERT INTO django_admin_log VALUES(201,'10','Заказ №10',3,'',16,1,'2025-08-11 19:15:51.739840');
INSERT INTO django_admin_log VALUES(202,'11','Корзина №11',1,'[{"added": {}}]',16,1,'2025-08-11 19:16:01.485465');
INSERT INTO django_admin_log VALUES(203,'10','Количество: 1',1,'[{"added": {}}]',17,1,'2025-08-11 19:16:13.809114');
INSERT INTO django_admin_log VALUES(204,'9','Ропотан Вадим: 0 (до 2026-08-11)',1,'[{"added": {}}]',11,1,'2025-08-11 19:16:21.993156');
INSERT INTO django_admin_log VALUES(205,'11','Заказ №11',2,'[{"changed": {"fields": ["\u0421\u0442\u0430\u0442\u0443\u0441 \u0437\u0430\u043a\u0430\u0437\u0430"]}}]',16,1,'2025-08-11 19:16:28.340859');
INSERT INTO django_admin_log VALUES(206,'11','Заказ №11',2,'[]',16,1,'2025-08-11 19:20:08.685056');
INSERT INTO django_admin_log VALUES(207,'3','Ропотан Вадим: 0.00 (до 2026-08-11)',2,'[{"changed": {"fields": ["\u0417\u0430\u043a\u0430\u0437"]}}]',11,1,'2025-08-11 19:20:18.059788');
INSERT INTO django_admin_log VALUES(208,'11','Корзина №11',2,'[{"changed": {"fields": ["\u0414\u0430\u0442\u0430 \u0441\u043e\u0437\u0434\u0430\u043d\u0438\u044f \u0437\u0430\u043a\u0430\u0437\u0430", "\u0417\u0430\u043a\u0430\u0437", "\u0421\u0442\u0430\u0442\u0443\u0441 \u0437\u0430\u043a\u0430\u0437\u0430"]}}]',16,1,'2025-08-11 19:20:48.248446');
INSERT INTO django_admin_log VALUES(209,'9','Ропотан Вадим: 0.00 (до 2026-08-11)',3,'',11,1,'2025-08-11 19:21:00.085609');
INSERT INTO django_admin_log VALUES(210,'3','Ропотан Вадим: 0.00 (до 2026-08-11)',3,'',11,1,'2025-08-11 19:21:00.085649');
INSERT INTO django_admin_log VALUES(211,'11','Заказ №11',2,'[{"changed": {"fields": ["\u0421\u0442\u0430\u0442\u0443\u0441 \u0437\u0430\u043a\u0430\u0437\u0430"]}}]',16,1,'2025-08-11 19:21:07.948984');
INSERT INTO django_admin_log VALUES(212,'12','Корзина №12',1,'[{"added": {}}]',16,1,'2025-08-11 19:21:30.909316');
INSERT INTO django_admin_log VALUES(213,'11','Количество: 10',1,'[{"added": {}}]',17,1,'2025-08-11 19:21:42.676920');
INSERT INTO django_admin_log VALUES(214,'12','Заказ №12',2,'[{"changed": {"fields": ["\u0421\u0442\u0430\u0442\u0443\u0441 \u0437\u0430\u043a\u0430\u0437\u0430"]}}]',16,1,'2025-08-11 19:21:56.113591');
INSERT INTO django_admin_log VALUES(215,'11','Дубровин Владимир: 7500.00 (до 2026-08-11)',2,'[]',11,1,'2025-08-11 19:37:59.653144');
INSERT INTO django_admin_log VALUES(216,'13','Корзина №13',1,'[{"added": {}}]',16,1,'2025-08-11 20:09:15.865876');
INSERT INTO django_admin_log VALUES(217,'12','Количество: 2',1,'[{"added": {}}]',17,1,'2025-08-11 20:09:47.627691');
INSERT INTO django_admin_log VALUES(218,'13','Заказ №13',2,'[{"changed": {"fields": ["\u0421\u0442\u0430\u0442\u0443\u0441 \u0437\u0430\u043a\u0430\u0437\u0430"]}}]',16,1,'2025-08-11 20:10:07.968270');
INSERT INTO django_admin_log VALUES(219,'12','Дубровин Владимир: 1500.00 (до 2026-08-11)',2,'[]',11,1,'2025-08-11 20:10:30.717368');
INSERT INTO django_admin_log VALUES(220,'13','Заказ №13',3,'',16,1,'2025-08-11 20:48:48.878437');
INSERT INTO django_admin_log VALUES(221,'12','Заказ №12',3,'',16,1,'2025-08-11 20:48:48.878454');
INSERT INTO django_admin_log VALUES(222,'14','Корзина №14',1,'[{"added": {}}]',16,1,'2025-08-11 20:49:04.092484');
INSERT INTO django_admin_log VALUES(223,'13','Количество: 4',1,'[{"added": {}}]',17,1,'2025-08-11 20:49:13.011964');
INSERT INTO django_admin_log VALUES(224,'14','Заказ №14',2,'[{"changed": {"fields": ["\u0421\u0442\u0430\u0442\u0443\u0441 \u0437\u0430\u043a\u0430\u0437\u0430"]}}]',16,1,'2025-08-11 20:50:09.435984');
INSERT INTO django_admin_log VALUES(225,'19','dubrvinvff@yadex.ru',3,'',4,1,'2025-08-12 13:49:49.221466');
INSERT INTO django_admin_log VALUES(226,'20','dubrvinvff@yadex.ru',3,'',4,1,'2025-08-12 14:03:50.760700');
INSERT INTO django_admin_log VALUES(227,'21','dubrvinvff@yadex.ru',3,'',4,1,'2025-08-12 14:05:34.353984');
INSERT INTO django_admin_log VALUES(228,'22','dubrvinvoff@yadex.ru',3,'',4,1,'2025-08-12 14:17:17.896940');
INSERT INTO django_admin_log VALUES(229,'23','vovadub@yadex.ru',3,'',4,1,'2025-08-13 12:58:45.389376');
INSERT INTO django_admin_log VALUES(230,'1','Summer25',2,'[{"changed": {"fields": ["\u0421\u0442\u0430\u0442\u0443\u0441 \u043f\u0440\u043e\u043c\u043e\u043a\u043e\u043e\u0434\u0430"]}}]',13,1,'2025-08-13 14:59:53.357249');
INSERT INTO django_admin_log VALUES(231,'1','Summer25',2,'[{"changed": {"fields": ["\u0421\u0442\u0430\u0442\u0443\u0441 \u043f\u0440\u043e\u043c\u043e\u043a\u043e\u043e\u0434\u0430"]}}]',13,1,'2025-08-13 15:00:11.684506');
INSERT INTO django_admin_log VALUES(232,'2','CCM SALE',1,'[{"added": {}}]',13,1,'2025-08-13 15:00:34.697007');
INSERT INTO django_admin_log VALUES(233,'1','Summer25',2,'[{"changed": {"fields": ["\u041f\u043e\u0441\u043b\u0435\u0434\u043d\u044f\u044f \u0434\u0430\u0442\u0430 \u0430\u043a\u0442\u0438\u0432\u043d\u043e\u0441\u0442\u0438", "\u041f\u0435\u0440\u0441\u043e\u043d\u0430\u043b\u044c\u043d\u044b\u0439 \u043f\u0440\u043e\u043c\u043e\u043a\u043e\u0434"]}}]',13,1,'2025-08-13 15:06:51.996830');
INSERT INTO django_admin_log VALUES(234,'6','1 Summer25',2,'[{"changed": {"fields": ["\u041f\u0440\u043e\u043c\u043e\u043a\u043e\u0434"]}}]',14,1,'2025-08-13 15:27:03.244197');
INSERT INTO django_admin_log VALUES(235,'6','1 Summer25',2,'[]',14,1,'2025-08-13 15:27:21.660609');
INSERT INTO django_admin_log VALUES(236,'2','CCM SALE',2,'[{"changed": {"fields": ["\u0421\u0443\u043c\u043c\u0430 \u0441\u043a\u0438\u0434\u043a\u0438 (\u0432 \u0440\u0443\u0431.)"]}}]',13,1,'2025-08-13 15:31:32.957024');
INSERT INTO django_admin_log VALUES(237,'7','1 CCM SALE',2,'[]',14,1,'2025-08-13 15:31:45.621716');
INSERT INTO django_admin_log VALUES(238,'7','1 CCM SALE',2,'[]',14,1,'2025-08-13 15:33:49.557416');
INSERT INTO django_admin_log VALUES(239,'24','user@example.com',3,'',4,1,'2025-08-14 10:58:23.620885');
INSERT INTO django_admin_log VALUES(240,'8','dubrvinff@yadex.ru',2,'[{"changed": {"fields": ["Email address"]}}]',4,1,'2025-08-14 15:11:46.274038');
INSERT INTO django_admin_log VALUES(241,'8','dubrovinvoff@yadex.ru',2,'[{"changed": {"fields": ["Username"]}}]',4,1,'2025-08-14 15:12:51.581422');
INSERT INTO django_admin_log VALUES(242,'25','user@example.com',3,'',4,1,'2025-08-15 12:51:04.406954');
INSERT INTO django_admin_log VALUES(243,'6','Дубровин Владимр',2,'[{"changed": {"fields": ["\u0418\u0437\u043e\u0431\u0440\u0430\u0436\u0435\u043d\u0438\u0435 \u043a\u043b\u0438\u0435\u043d\u0442\u0430"]}}]',12,1,'2025-08-15 15:48:50.584931');
INSERT INTO django_admin_log VALUES(244,'8','dubrovinvoff@yadex.ru',2,'[{"changed": {"fields": ["password"]}}]',4,1,'2025-08-15 15:51:14.222606');
INSERT INTO django_admin_log VALUES(245,'8','dubrovinvoff@yadex.ru',2,'[{"changed": {"fields": ["Staff status"]}}]',4,1,'2025-08-15 15:51:31.582674');
INSERT INTO django_admin_log VALUES(246,'1','admin',2,'[{"changed": {"fields": ["Username"]}}]',4,1,'2025-08-15 15:53:47.367733');
INSERT INTO django_admin_log VALUES(247,'8','dubrovinvoff@yadex.ru',2,'[{"changed": {"fields": ["Staff status"]}}]',4,1,'2025-08-15 15:53:53.904577');
INSERT INTO django_admin_log VALUES(248,'1','Клюшка CCM JetSpeed FT 8 Pro',2,'[{"changed": {"fields": ["\u0426\u0435\u043d\u0430 \u0434\u043b\u044f \u043e\u0442\u043e\u0431\u0440\u0430\u0436\u0435\u043d\u0438\u044f"]}}]',9,1,'2025-08-21 13:33:50.639213');
INSERT INTO django_admin_log VALUES(249,'1','Клюшка CCM JetSpeed FT 8 Pro',2,'[]',9,1,'2025-08-21 19:08:51.534999');
INSERT INTO django_admin_log VALUES(250,'2','Клюшка Bauer HyperLite2',2,'[]',9,1,'2025-08-21 19:10:26.386547');
INSERT INTO django_admin_log VALUES(251,'1','Клюшка CCM JetSpeed FT 8 Pro',2,'[]',9,1,'2025-08-21 19:40:27.669740');
INSERT INTO django_admin_log VALUES(252,'1','Клюшка CCM JetSpeed FT 8 Pro',2,'[{"changed": {"fields": ["URL-\u0438\u0434\u0435\u043d\u0442\u0438\u0444\u0438\u043a\u0430\u0442\u043e\u0440"]}}]',9,1,'2025-08-21 19:41:27.039222');
INSERT INTO django_admin_log VALUES(253,'1','Клюшка CCM JetSpeed FT 8 Pro',2,'[{"changed": {"fields": ["URL-\u0438\u0434\u0435\u043d\u0442\u0438\u0444\u0438\u043a\u0430\u0442\u043e\u0440"]}}]',9,1,'2025-08-21 19:46:52.607299');
INSERT INTO django_admin_log VALUES(254,'1','Клюшка CCM JetSpeed FT 8 Pro',2,'[]',9,1,'2025-08-21 19:46:57.996916');
INSERT INTO django_admin_log VALUES(255,'1','Клюшка CCM JetSpeed FT 8 Pro',2,'[{"changed": {"fields": ["URL-\u0438\u0434\u0435\u043d\u0442\u0438\u0444\u0438\u043a\u0430\u0442\u043e\u0440"]}}]',9,1,'2025-08-21 19:47:05.280933');
INSERT INTO django_admin_log VALUES(256,'4','Клюшка CCM JetSpeed FT 8 Pro',1,'[{"added": {}}]',9,1,'2025-08-21 19:47:18.887733');
INSERT INTO django_admin_log VALUES(257,'4','Клюшка CCM JetSpeed FT 8 Pro',3,'',9,1,'2025-08-21 19:47:26.484231');
INSERT INTO django_admin_log VALUES(258,'2','Клюшка Bauer HyperLite2',2,'[{"changed": {"fields": ["\u0421\u043a\u0438\u0434\u043a\u0430 (%)"]}}]',9,1,'2025-08-26 18:28:21.255769');
INSERT INTO django_admin_log VALUES(259,'2','Клюшка Bauer HyperLite2',2,'[{"changed": {"fields": ["\u0421\u043a\u0438\u0434\u043a\u0430 (%)"]}}]',9,1,'2025-08-26 19:06:07.279761');
INSERT INTO django_admin_log VALUES(260,'13','Количество: 4',2,'[{"changed": {"fields": ["\u0412\u0430\u0440\u0438\u0430\u043d\u0442 \u0442\u043e\u0432\u0430\u0440\u0430"]}}]',17,1,'2025-08-26 19:06:35.848845');
INSERT INTO django_admin_log VALUES(261,'10','Количество: 1',2,'[{"changed": {"fields": ["\u0412\u0430\u0440\u0438\u0430\u043d\u0442 \u0442\u043e\u0432\u0430\u0440\u0430"]}}]',17,1,'2025-08-26 19:06:41.317447');
INSERT INTO django_admin_log VALUES(262,'2','Клюшка Bauer HyperLite2',2,'[{"changed": {"fields": ["\u0421\u043a\u0438\u0434\u043a\u0430 (%)"]}}]',9,1,'2025-08-26 19:06:51.331664');
INSERT INTO django_admin_log VALUES(263,'1','1 ♥ 1',1,'[{"added": {}}]',20,1,'2025-08-27 15:50:51.289187');
INSERT INTO django_admin_log VALUES(264,'2','Клюшка Bauer HyperLite2',2,'[{"changed": {"fields": ["\u0426\u0435\u043d\u0430 \u0434\u043b\u044f \u043e\u0442\u043e\u0431\u0440\u0430\u0436\u0435\u043d\u0438\u044f"]}}]',9,1,'2025-08-28 09:10:50.245968');
INSERT INTO django_admin_log VALUES(265,'2','6 ♥ 1',1,'[{"added": {}}]',20,1,'2025-08-28 12:29:50.880942');
INSERT INTO django_admin_log VALUES(266,'3','6 ♥ 2',1,'[{"added": {}}]',20,1,'2025-08-28 12:29:56.697507');
INSERT INTO django_admin_log VALUES(267,'4','1 ♥ 2',1,'[{"added": {}}]',20,1,'2025-08-28 12:30:01.136107');
INSERT INTO django_admin_log VALUES(268,'6','6 ♥ 1',1,'[{"added": {}}]',20,1,'2025-08-28 13:47:11.466271');
INSERT INTO django_admin_log VALUES(269,'10','Количество: 1',2,'[]',17,1,'2025-08-29 13:44:20.284748');
INSERT INTO django_admin_log VALUES(270,'13','Количество: 4',2,'[]',17,1,'2025-08-29 13:44:33.963436');
INSERT INTO django_admin_log VALUES(271,'14','Заказ №14',2,'[{"changed": {"fields": ["\u0421\u0442\u0430\u0442\u0443\u0441 \u0437\u0430\u043a\u0430\u0437\u0430"]}}]',16,1,'2025-08-29 13:45:01.824203');
INSERT INTO django_admin_log VALUES(272,'15','Корзина №15',1,'[{"added": {}}]',16,1,'2025-08-29 13:45:30.748404');
INSERT INTO django_admin_log VALUES(273,'14','Количество: 1',1,'[{"added": {}}]',17,1,'2025-08-29 13:45:43.984956');
INSERT INTO django_admin_log VALUES(274,'15','Корзина №15',2,'[{"changed": {"fields": ["\u0421\u0442\u0430\u0442\u0443\u0441 \u0437\u0430\u043a\u0430\u0437\u0430"]}}]',16,1,'2025-08-29 13:45:57.001710');
INSERT INTO django_admin_log VALUES(275,'15','Заказ №15',2,'[{"changed": {"fields": ["\u0417\u0430\u043a\u0430\u0437"]}}]',16,1,'2025-08-29 13:46:16.257687');
INSERT INTO django_admin_log VALUES(276,'15','Заказ №15',2,'[{"changed": {"fields": ["\u0417\u0430\u043a\u0430\u0437", "\u0421\u0442\u0430\u0442\u0443\u0441 \u0437\u0430\u043a\u0430\u0437\u0430"]}}]',16,1,'2025-08-29 13:46:35.359745');
INSERT INTO django_admin_log VALUES(277,'15','Заказ №15',2,'[{"changed": {"fields": ["\u0421\u0442\u0430\u0442\u0443\u0441 \u0437\u0430\u043a\u0430\u0437\u0430"]}}]',16,1,'2025-08-29 13:46:41.244497');
INSERT INTO django_admin_log VALUES(278,'16','Корзина №16',1,'[{"added": {}}]',16,1,'2025-08-29 14:04:23.790679');
INSERT INTO django_admin_log VALUES(279,'15','Количество: 1',1,'[{"added": {}}]',17,1,'2025-08-29 14:04:34.714522');
INSERT INTO django_admin_log VALUES(280,'16','Заказ №16',2,'[{"changed": {"fields": ["\u0421\u0442\u0430\u0442\u0443\u0441 \u0437\u0430\u043a\u0430\u0437\u0430"]}}]',16,1,'2025-08-29 14:04:41.332648');
INSERT INTO django_admin_log VALUES(281,'16','Заказ №16',2,'[{"changed": {"fields": ["\u0421\u0442\u0430\u0442\u0443\u0441 \u0437\u0430\u043a\u0430\u0437\u0430"]}}]',16,1,'2025-08-29 14:05:23.508388');
INSERT INTO django_admin_log VALUES(282,'16','Заказ №16',3,'',16,1,'2025-08-29 14:13:09.508018');
INSERT INTO django_admin_log VALUES(283,'15','Заказ №15',3,'',16,1,'2025-08-29 14:13:09.508059');
INSERT INTO django_admin_log VALUES(284,'14','Заказ №14',3,'',16,1,'2025-08-29 14:13:09.508076');
INSERT INTO django_admin_log VALUES(285,'10','Количество: 1',3,'',17,1,'2025-08-29 14:13:21.339265');
INSERT INTO django_admin_log VALUES(286,'3','Количество: 1',3,'',17,1,'2025-08-29 14:13:21.339309');
INSERT INTO django_admin_log VALUES(287,'11','Заказ №11',3,'',16,1,'2025-08-29 14:13:33.048327');
INSERT INTO django_admin_log VALUES(288,'1','Заказ №1',3,'',16,1,'2025-08-29 14:13:33.048350');
INSERT INTO django_admin_log VALUES(289,'17','Корзина №17',1,'[{"added": {}}]',16,1,'2025-08-29 14:13:49.161575');
INSERT INTO django_admin_log VALUES(290,'16','Количество: 1',1,'[{"added": {}}]',17,1,'2025-08-29 14:13:58.825451');
INSERT INTO django_admin_log VALUES(291,'17','Заказ №17',2,'[{"changed": {"fields": ["\u0421\u0442\u0430\u0442\u0443\u0441 \u0437\u0430\u043a\u0430\u0437\u0430"]}}]',16,1,'2025-08-29 14:14:05.881410');
INSERT INTO django_admin_log VALUES(292,'17','Заказ №17',2,'[{"changed": {"fields": ["\u0421\u0442\u0430\u0442\u0443\u0441 \u0437\u0430\u043a\u0430\u0437\u0430"]}}]',16,1,'2025-08-29 14:14:14.162727');
INSERT INTO django_admin_log VALUES(293,'17','Заказ №17',2,'[{"changed": {"fields": ["\u0421\u0442\u0430\u0442\u0443\u0441 \u0437\u0430\u043a\u0430\u0437\u0430"]}}]',16,1,'2025-08-29 14:21:00.304681');
INSERT INTO django_admin_log VALUES(294,'17','Заказ №17',2,'[{"changed": {"fields": ["\u0421\u0442\u0430\u0442\u0443\u0441 \u0437\u0430\u043a\u0430\u0437\u0430"]}}]',16,1,'2025-08-29 14:21:04.556614');
INSERT INTO django_admin_log VALUES(295,'17','Заказ №17',2,'[]',16,1,'2025-08-29 14:26:46.083486');
INSERT INTO django_admin_log VALUES(296,'17','Корзина №17',2,'[{"changed": {"fields": ["\u0417\u0430\u043a\u0430\u0437", "\u0421\u0442\u0430\u0442\u0443\u0441 \u0437\u0430\u043a\u0430\u0437\u0430"]}}]',16,1,'2025-08-29 14:26:55.994657');
INSERT INTO django_admin_log VALUES(297,'17','Заказ №17',2,'[{"changed": {"fields": ["\u0421\u0442\u0430\u0442\u0443\u0441 \u0437\u0430\u043a\u0430\u0437\u0430"]}}]',16,1,'2025-08-29 14:26:59.308168');
INSERT INTO django_admin_log VALUES(298,'17','Заказ №17',2,'[{"changed": {"fields": ["\u0421\u0442\u0430\u0442\u0443\u0441 \u0437\u0430\u043a\u0430\u0437\u0430"]}}]',16,1,'2025-08-29 14:27:03.210001');
INSERT INTO django_admin_log VALUES(299,'17','Корзина №17',2,'[{"changed": {"fields": ["\u0417\u0430\u043a\u0430\u0437", "\u0421\u0442\u0430\u0442\u0443\u0441 \u0437\u0430\u043a\u0430\u0437\u0430"]}}]',16,1,'2025-08-29 16:40:03.158402');
INSERT INTO django_admin_log VALUES(300,'16','Количество: 1',2,'[]',17,1,'2025-08-29 16:40:10.943567');
INSERT INTO django_admin_log VALUES(301,'17','Корзина №17',2,'[{"changed": {"fields": ["\u0421\u0442\u0430\u0442\u0443\u0441 \u0437\u0430\u043a\u0430\u0437\u0430"]}}]',16,1,'2025-09-02 16:11:06.068962');
INSERT INTO django_admin_log VALUES(302,'6','Дубровин Владимр',2,'[{"changed": {"fields": ["\u0418\u0437\u043e\u0431\u0440\u0430\u0436\u0435\u043d\u0438\u0435 \u043a\u043b\u0438\u0435\u043d\u0442\u0430"]}}]',12,1,'2025-09-03 15:45:06.735459');
INSERT INTO django_admin_log VALUES(303,'6','Дубровин Владимр',2,'[{"changed": {"fields": ["\u0418\u0437\u043e\u0431\u0440\u0430\u0436\u0435\u043d\u0438\u0435 \u043a\u043b\u0438\u0435\u043d\u0442\u0430"]}}]',12,1,'2025-09-03 15:45:42.635421');
INSERT INTO django_admin_log VALUES(304,'6','Дубровин Владимр',2,'[{"changed": {"fields": ["\u0418\u0437\u043e\u0431\u0440\u0430\u0436\u0435\u043d\u0438\u0435 \u043a\u043b\u0438\u0435\u043d\u0442\u0430"]}}]',12,1,'2025-09-03 15:46:57.269942');
INSERT INTO django_admin_log VALUES(305,'6','Дубровин Владимр',2,'[{"changed": {"fields": ["\u0418\u0437\u043e\u0431\u0440\u0430\u0436\u0435\u043d\u0438\u0435 \u043a\u043b\u0438\u0435\u043d\u0442\u0430"]}}]',12,1,'2025-09-03 15:47:33.371440');
INSERT INTO django_admin_log VALUES(306,'6','Дубровин Владимр',2,'[{"changed": {"fields": ["\u0418\u0437\u043e\u0431\u0440\u0430\u0436\u0435\u043d\u0438\u0435 \u043a\u043b\u0438\u0435\u043d\u0442\u0430"]}}]',12,1,'2025-09-03 15:50:32.967058');
INSERT INTO django_admin_log VALUES(307,'6','Дубровин Владимр',2,'[{"changed": {"fields": ["\u0418\u0437\u043e\u0431\u0440\u0430\u0436\u0435\u043d\u0438\u0435 \u043a\u043b\u0438\u0435\u043d\u0442\u0430"]}}]',12,1,'2025-09-03 16:31:47.634815');
INSERT INTO django_admin_log VALUES(308,'2','Клюшка Bauer HyperLite2',2,'[{"changed": {"fields": ["\u0418\u0437\u043e\u0431\u0440\u0430\u0436\u0435\u043d\u0438\u0435"]}}]',9,1,'2025-09-03 16:34:39.546763');
INSERT INTO django_admin_log VALUES(309,'3','Клюшка CCM JetSpeed FT 8 Pro (Размер: Флекс 20, Цена: 12000.00)',2,'[]',10,1,'2025-09-09 13:03:21.361684');
INSERT INTO django_admin_log VALUES(310,'2','Клюшка Bauer HyperLite2',2,'[]',9,1,'2025-09-13 11:20:21.312004');
INSERT INTO django_admin_log VALUES(311,'18','Корзина №18',1,'[{"added": {}}]',16,1,'2025-09-17 21:28:24.789583');
INSERT INTO django_admin_log VALUES(312,'17','Количество: 2',1,'[{"added": {}}]',17,1,'2025-09-17 21:28:36.077427');
INSERT INTO django_admin_log VALUES(313,'18','Корзина №18',2,'[]',16,1,'2025-09-17 21:28:41.748950');
INSERT INTO django_admin_log VALUES(314,'18','Корзина №18',2,'[]',16,1,'2025-09-17 21:31:27.470901');
INSERT INTO django_admin_log VALUES(315,'2','Клюшка Bauer HyperLite2 (Размер: Флекс 40, Цена: 10000.00)',2,'[{"changed": {"fields": ["\u0411\u0430\u0437\u043e\u0432\u0430\u044f \u0446\u0435\u043d\u0430"]}}]',10,1,'2025-09-20 13:22:57.894870');
INSERT INTO django_admin_log VALUES(316,'2','Клюшка Bauer HyperLite2',2,'[{"changed": {"fields": ["\u0426\u0435\u043d\u0430 \u0434\u043b\u044f \u043e\u0442\u043e\u0431\u0440\u0430\u0436\u0435\u043d\u0438\u044f"]}}]',9,1,'2025-09-20 13:23:14.007991');
INSERT INTO django_admin_log VALUES(317,'2','Клюшка Bauer HyperLite2 (Размер: Флекс 40, Цена: 10000.00)',2,'[]',10,1,'2025-09-20 13:23:31.430589');
INSERT INTO django_admin_log VALUES(318,'19','Корзина №19',1,'[{"added": {}}]',16,1,'2025-09-20 13:23:47.478281');
INSERT INTO django_admin_log VALUES(319,'18','Количество: 4',1,'[{"added": {}}]',17,1,'2025-09-20 13:24:01.651160');
INSERT INTO django_admin_log VALUES(320,'18','Корзина №18',3,'',16,1,'2025-09-20 13:24:10.894799');
INSERT INTO django_admin_log VALUES(321,'1','Клюшка CCM JetSpeed FT 8 Pro',2,'[{"changed": {"fields": ["\u0426\u0435\u043d\u0430 \u0434\u043b\u044f \u043e\u0442\u043e\u0431\u0440\u0430\u0436\u0435\u043d\u0438\u044f"]}}]',9,1,'2025-09-20 13:27:45.725282');
INSERT INTO django_admin_log VALUES(322,'3','Клюшка CCM JetSpeed FT 8 Pro (Размер: Флекс 20, Цена: 13000.00)',2,'[{"changed": {"fields": ["\u0411\u0430\u0437\u043e\u0432\u0430\u044f \u0446\u0435\u043d\u0430"]}}]',10,1,'2025-09-20 13:31:43.944742');
INSERT INTO django_admin_log VALUES(323,'3','Клюшка CCM JetSpeed FT 8 Pro (Размер: Флекс 20, Цена: 12000.00)',2,'[{"changed": {"fields": ["\u0411\u0430\u0437\u043e\u0432\u0430\u044f \u0446\u0435\u043d\u0430"]}}]',10,1,'2025-09-20 13:31:56.788174');
INSERT INTO django_admin_log VALUES(324,'19','Корзина №19',3,'',16,1,'2025-09-20 13:46:03.178210');
INSERT INTO django_admin_log VALUES(325,'20','Корзина №20',1,'[{"added": {}}]',16,1,'2025-09-20 13:46:10.633812');
INSERT INTO django_admin_log VALUES(326,'19','Количество: 4',1,'[{"added": {}}]',17,1,'2025-09-20 13:46:20.711321');
INSERT INTO django_admin_log VALUES(327,'20','Корзина №20',2,'[{"changed": {"fields": ["\u041a\u043b\u0438\u0435\u043d\u0442"]}}]',16,1,'2025-09-20 15:02:35.085994');
INSERT INTO django_admin_log VALUES(328,'21','Корзина №21',1,'[{"added": {}}]',16,1,'2025-09-20 15:02:44.212833');
INSERT INTO django_admin_log VALUES(329,'20','Количество: 8',1,'[{"added": {}}]',17,1,'2025-09-20 15:02:58.128511');
INSERT INTO django_admin_log VALUES(330,'21','Корзина №21',2,'[{"changed": {"fields": ["\u041a\u043b\u0438\u0435\u043d\u0442"]}}]',16,1,'2025-09-20 15:20:42.159540');
INSERT INTO django_admin_log VALUES(331,'22','Корзина №22',1,'[{"added": {}}]',16,1,'2025-09-20 15:20:47.942284');
INSERT INTO django_admin_log VALUES(332,'21','Количество: 3',1,'[{"added": {}}]',17,1,'2025-09-20 15:20:55.394196');
INSERT INTO django_admin_log VALUES(333,'23','Корзина №23',1,'[{"added": {}}]',16,1,'2025-09-20 15:30:26.226464');
INSERT INTO django_admin_log VALUES(334,'22','Количество: 3',1,'[{"added": {}}]',17,1,'2025-09-20 15:30:34.031646');
INSERT INTO django_admin_log VALUES(335,'22','Корзина №22',2,'[{"changed": {"fields": ["\u041a\u043b\u0438\u0435\u043d\u0442"]}}]',16,1,'2025-09-20 15:31:32.668571');
INSERT INTO django_admin_log VALUES(336,'23','Корзина №23',3,'',16,1,'2025-09-20 15:36:41.656189');
INSERT INTO django_admin_log VALUES(337,'22','Корзина №22',3,'',16,1,'2025-09-20 15:36:51.497245');
INSERT INTO django_admin_log VALUES(338,'21','Корзина №21',3,'',16,1,'2025-09-20 15:36:51.497290');
INSERT INTO django_admin_log VALUES(339,'20','Корзина №20',3,'',16,1,'2025-09-20 15:36:51.497307');
INSERT INTO django_admin_log VALUES(340,'17','Корзина №17',3,'',16,1,'2025-09-20 15:36:51.497321');
INSERT INTO django_admin_log VALUES(341,'24','Корзина №24',1,'[{"added": {}}]',16,1,'2025-09-20 15:36:57.114332');
INSERT INTO django_admin_log VALUES(342,'23','Количество: 10',1,'[{"added": {}}]',17,1,'2025-09-20 15:37:05.952671');
INSERT INTO django_admin_log VALUES(343,'24','Корзина №24',3,'',16,1,'2025-09-20 16:08:00.693699');
INSERT INTO django_admin_log VALUES(344,'25','Корзина №25',1,'[{"added": {}}]',16,1,'2025-09-20 16:08:05.959233');
INSERT INTO django_admin_log VALUES(345,'24','Количество: 2',1,'[{"added": {}}]',17,1,'2025-09-20 16:08:14.153525');
INSERT INTO django_admin_log VALUES(346,'25','Корзина №25',3,'',16,1,'2025-09-20 16:22:45.621797');
INSERT INTO django_admin_log VALUES(347,'26','Корзина №26',1,'[{"added": {}}]',16,1,'2025-09-20 16:22:51.044657');
INSERT INTO django_admin_log VALUES(348,'25','Количество: 1',1,'[{"added": {}}]',17,1,'2025-09-20 16:22:58.027492');
INSERT INTO django_admin_log VALUES(349,'2','Клюшка Bauer HyperLite2 (Размер: Флекс 40, Цена: 10000.00)',2,'[]',10,1,'2025-09-20 17:01:40.989155');
INSERT INTO django_admin_log VALUES(350,'3','Клюшка CCM JetSpeed FT 8 Pro (Размер: Флекс 20, Цена: 13000.00)',2,'[{"changed": {"fields": ["\u0411\u0430\u0437\u043e\u0432\u0430\u044f \u0446\u0435\u043d\u0430"]}}]',10,1,'2025-09-20 17:01:44.789427');
INSERT INTO django_admin_log VALUES(351,'1','Клюшка CCM JetSpeed FT 8 Pro (Размер: Флекс 55, Цена: 14000.00)',2,'[{"changed": {"fields": ["\u0411\u0430\u0437\u043e\u0432\u0430\u044f \u0446\u0435\u043d\u0430"]}}]',10,1,'2025-09-20 17:01:47.900847');
INSERT INTO django_admin_log VALUES(352,'26','Корзина №26',3,'',16,1,'2025-10-02 17:24:35.116052');
INSERT INTO django_admin_log VALUES(353,'27','Корзина №27',1,'[{"added": {}}]',16,1,'2025-10-02 17:24:42.972231');
INSERT INTO django_admin_log VALUES(354,'26','Количество: 2',1,'[{"added": {}}]',17,1,'2025-10-02 17:24:50.314913');
INSERT INTO django_admin_log VALUES(355,'27','Заказ №27',2,'[{"changed": {"fields": ["\u0421\u0442\u0430\u0442\u0443\u0441 \u0437\u0430\u043a\u0430\u0437\u0430"]}}]',16,1,'2025-10-02 19:06:05.336743');
INSERT INTO django_admin_log VALUES(356,'27','Заказ №27',2,'[{"changed": {"fields": ["\u0421\u0442\u0430\u0442\u0443\u0441 \u0437\u0430\u043a\u0430\u0437\u0430"]}}]',16,1,'2025-10-02 19:10:01.607532');
INSERT INTO django_admin_log VALUES(357,'10','Payment №10 cart=27 status=CONFIRMED',2,'[]',21,1,'2025-10-02 19:12:12.083807');
INSERT INTO django_admin_log VALUES(358,'27','Заказ №27',3,'',16,1,'2025-10-02 19:23:43.372261');
INSERT INTO django_admin_log VALUES(359,'28','Корзина №28',1,'[{"added": {}}]',16,1,'2025-10-02 19:23:52.823406');
INSERT INTO django_admin_log VALUES(360,'27','Количество: 2',1,'[{"added": {}}]',17,1,'2025-10-02 19:24:00.054417');
INSERT INTO django_admin_log VALUES(361,'28','Заказ №28',2,'[{"changed": {"fields": ["\u0421\u0442\u0430\u0442\u0443\u0441 \u0437\u0430\u043a\u0430\u0437\u0430"]}}]',16,1,'2025-10-02 19:29:34.868684');
INSERT INTO django_admin_log VALUES(362,'28','Заказ №28',2,'[{"changed": {"fields": ["\u0421\u0442\u0430\u0442\u0443\u0441 \u0437\u0430\u043a\u0430\u0437\u0430"]}}]',16,1,'2025-10-02 19:45:21.091433');
INSERT INTO django_admin_log VALUES(363,'29','Корзина №29',1,'[{"added": {}}]',16,1,'2025-10-02 19:46:21.552170');
INSERT INTO django_admin_log VALUES(364,'28','Количество: 3',1,'[{"added": {}}]',17,1,'2025-10-02 19:46:29.999167');
INSERT INTO django_admin_log VALUES(365,'3','ХУЙ',1,'[{"added": {}}]',9,1,'2025-10-07 15:56:02.434056');
INSERT INTO django_admin_log VALUES(366,'3','ХУЙ',2,'[{"changed": {"fields": ["\u0418\u0437\u043e\u0431\u0440\u0430\u0436\u0435\u043d\u0438\u0435"]}}]',9,1,'2025-10-07 15:56:22.065800');
INSERT INTO django_admin_log VALUES(367,'4','фывыфвфы',1,'[{"added": {}}]',9,1,'2025-10-12 15:04:55.459586');
INSERT INTO django_admin_log VALUES(368,'8','dubrovinvoff@yadex.ru',2,'[{"changed": {"fields": ["password"]}}]',4,1,'2025-10-18 17:53:27.702364');
INSERT INTO django_admin_log VALUES(369,'8','dubrovinvoff@yadex.ru',2,'[{"changed": {"fields": ["password"]}}]',4,1,'2025-11-16 13:45:09.033645');
INSERT INTO django_admin_log VALUES(370,'8','dubrovinvoff@yadex.ru',2,'[]',4,1,'2025-11-16 13:46:18.995694');
INSERT INTO django_admin_log VALUES(371,'8','dubrovinvoff@yadex.ru',2,'[{"changed": {"fields": ["password"]}}]',4,1,'2025-11-19 10:15:37.068715');
INSERT INTO django_admin_log VALUES(372,'8','dubrovinvoff@yadex.ru',2,'[{"changed": {"fields": ["First name", "Last name"]}}]',4,1,'2025-11-22 15:36:21.153967');
INSERT INTO django_admin_log VALUES(373,'8','dubrovinvoff@yadex.ru',2,'[]',4,1,'2025-11-22 15:49:36.438284');
INSERT INTO django_admin_log VALUES(374,'6','Дубровин Владимр',2,'[{"changed": {"fields": ["\u0418\u0437\u043e\u0431\u0440\u0430\u0436\u0435\u043d\u0438\u0435 \u043a\u043b\u0438\u0435\u043d\u0442\u0430"]}}]',12,1,'2025-11-22 15:50:00.183117');
INSERT INTO django_admin_log VALUES(375,'1','Вадим Ропотан',2,'[{"changed": {"fields": ["\u0418\u043c\u044f \u043a\u043b\u0438\u0435\u043d\u0442\u0430"]}}]',12,1,'2025-11-23 13:13:31.023863');
INSERT INTO django_admin_log VALUES(376,'1','Вадим Ропотан',2,'[{"changed": {"fields": ["\u0418\u0437\u043e\u0431\u0440\u0430\u0436\u0435\u043d\u0438\u0435 \u043a\u043b\u0438\u0435\u043d\u0442\u0430"]}}]',12,1,'2025-11-23 14:39:39.970622');
INSERT INTO django_admin_log VALUES(377,'2','Клюшка Bauer HyperLite2',2,'[{"changed": {"fields": ["\u041d\u043e\u0432\u044b\u0439 \u0442\u043e\u0432\u0430\u0440"]}}]',9,1,'2025-11-27 15:31:30.238476');
INSERT INTO django_admin_log VALUES(378,'1','Клюшка CCM JetSpeed FT 8 Pro',2,'[{"changed": {"fields": ["\u0420\u0430\u0441\u043f\u0440\u043e\u0434\u0430\u0436\u043d\u044b\u0439 \u0442\u043e\u0432\u0430\u0440"]}}]',9,1,'2025-11-27 16:39:50.486605');
INSERT INTO django_admin_log VALUES(379,'2','Клюшка Bauer HyperLite2',2,'[{"changed": {"fields": ["\u0425\u0438\u0442"]}}]',9,1,'2025-11-27 16:43:59.501640');
INSERT INTO django_admin_log VALUES(380,'2','Клюшка Bauer HyperLite2',2,'[{"changed": {"fields": ["\u041e\u0442\u043e\u0431\u0440\u0430\u0436\u0430\u0442\u044c \u0432 \u043a\u0430\u0442\u0430\u043b\u043e\u0433\u0435"]}}]',9,1,'2025-11-27 16:59:19.428355');
INSERT INTO django_admin_log VALUES(381,'2','Клюшка Bauer HyperLite2',2,'[{"changed": {"fields": ["\u041e\u0442\u043e\u0431\u0440\u0430\u0436\u0430\u0442\u044c \u0432 \u043a\u0430\u0442\u0430\u043b\u043e\u0433\u0435", "\u0420\u0430\u0441\u043f\u0440\u043e\u0434\u0430\u0436\u043d\u044b\u0439 \u0442\u043e\u0432\u0430\u0440", "\u041d\u043e\u0432\u044b\u0439 \u0442\u043e\u0432\u0430\u0440"]}}]',9,1,'2025-11-27 16:59:33.891354');
INSERT INTO django_admin_log VALUES(382,'4','Клюшка',2,'[{"changed": {"fields": ["\u041d\u0430\u0437\u0432\u0430\u043d\u0438\u0435 \u0442\u043e\u0432\u0430\u0440\u0430"]}}]',9,1,'2025-12-01 06:59:35.399233');
INSERT INTO django_admin_log VALUES(383,'3','ХУЙ',2,'[{"changed": {"fields": ["\u041a\u0430\u0442\u0435\u0433\u043e\u0440\u0438\u044f"]}}]',9,1,'2025-12-01 07:21:14.249328');
INSERT INTO django_admin_log VALUES(384,'3','Тест',2,'[{"changed": {"fields": ["\u041d\u0430\u0437\u0432\u0430\u043d\u0438\u0435 \u0442\u043e\u0432\u0430\u0440\u0430"]}}]',9,1,'2025-12-01 14:12:51.294277');
INSERT INTO django_admin_log VALUES(385,'4','Тест (Размер: 777 flex, Цвет: blk, Цена: 12000)',1,'[{"added": {}}]',10,1,'2025-12-01 14:15:17.225731');
INSERT INTO django_admin_log VALUES(386,'5','Клюшка (Размер: 123 123, Цвет: asd, Цена: 123)',1,'[{"added": {}}]',10,1,'2025-12-01 14:15:28.442813');
INSERT INTO django_admin_log VALUES(387,'6','1 Summer25',2,'[]',14,1,'2025-12-11 13:32:30.627948');
INSERT INTO django_admin_log VALUES(388,'6','1 Summer25',2,'[]',14,1,'2025-12-11 13:32:32.674671');
INSERT INTO django_admin_log VALUES(389,'30','Корзина №30',2,'[{"changed": {"fields": ["\u0414\u0430\u0442\u0430 \u0441\u043e\u0437\u0434\u0430\u043d\u0438\u044f \u0437\u0430\u043a\u0430\u0437\u0430", "\u0421\u0442\u0430\u0442\u0443\u0441 \u0437\u0430\u043a\u0430\u0437\u0430", "\u0410\u0434\u0440\u0435\u0441 \u0434\u043e\u0441\u0442\u0430\u0432\u043a\u0438"]}}]',16,1,'2025-12-11 14:07:30.003452');
INSERT INTO django_admin_log VALUES(390,'2','Вадим Ропотан: 0 (до 2026-12-11)',1,'[{"added": {}}]',11,1,'2025-12-11 14:07:56.864536');
INSERT INTO django_admin_log VALUES(391,'2','Вадим Ропотан: 0.00 (до 2026-12-11)',2,'[]',11,1,'2025-12-11 14:08:02.966988');
INSERT INTO django_admin_log VALUES(392,'1','Вадим Ропотан: 2100.00 (до 2026-10-02)',2,'[]',11,1,'2025-12-11 14:08:05.464420');
INSERT INTO django_admin_log VALUES(393,'2','Вадим Ропотан: 0.00 (до 2026-12-11)',2,'[{"changed": {"fields": ["\u0417\u0430\u043a\u0430\u0437"]}}]',11,1,'2025-12-11 14:08:09.382504');
INSERT INTO django_admin_log VALUES(394,'30','Заказ №30',2,'[{"changed": {"fields": ["\u0417\u0430\u043a\u0430\u0437"]}}]',16,1,'2025-12-11 14:08:29.557927');
INSERT INTO django_admin_log VALUES(395,'2','Вадим Ропотан: 0.00 (до 2026-12-11)',2,'[{"changed": {"fields": ["\u0417\u0430\u043a\u0430\u0437"]}}]',11,1,'2025-12-11 14:08:39.236450');
INSERT INTO django_admin_log VALUES(396,'30','Заказ №30',2,'[]',16,1,'2025-12-11 14:08:55.550724');
INSERT INTO django_admin_log VALUES(397,'2','Вадим Ропотан: 0.00 (до 2026-12-11)',2,'[]',11,1,'2025-12-11 14:08:57.816901');
INSERT INTO django_admin_log VALUES(398,'1','Summer25',2,'[{"changed": {"fields": ["\u0421\u0443\u043c\u043c\u0430 \u0441\u043a\u0438\u0434\u043a\u0438 (\u0432 %)", "\u0421\u0443\u043c\u043c\u0430 \u0441\u043a\u0438\u0434\u043a\u0438 (\u0432 \u0440\u0443\u0431.)"]}}]',13,1,'2025-12-11 14:09:38.773847');
INSERT INTO django_admin_log VALUES(399,'13','Payment №13 cart=35 status=NEW',3,'',21,1,'2025-12-18 12:23:17.264139');
INSERT INTO django_admin_log VALUES(400,'14','Payment №14 cart=35 status=NEW',3,'',21,1,'2025-12-18 12:41:59.571302');
INSERT INTO django_admin_log VALUES(401,'12','Payment №12 cart=29 status=CONFIRMED',3,'',21,1,'2025-12-18 12:48:38.113145');
INSERT INTO django_admin_log VALUES(402,'15','Payment №15 cart=35 status=NEW',3,'',21,1,'2025-12-18 13:41:29.806895');
INSERT INTO django_admin_log VALUES(403,'11','Payment №11 cart=28 status=CONFIRMED',3,'',21,1,'2025-12-18 13:41:29.806971');
INSERT INTO django_admin_log VALUES(404,'10','Payment №10 cart=27 status=CONFIRMED',3,'',21,1,'2025-12-18 13:41:29.806990');
INSERT INTO django_admin_log VALUES(405,'9','Payment №9 cart=26 status=NEW',3,'',21,1,'2025-12-18 13:41:29.807006');
INSERT INTO django_admin_log VALUES(406,'8','Payment №8 cart=25 status=NEW',3,'',21,1,'2025-12-18 13:41:29.807020');
INSERT INTO django_admin_log VALUES(407,'7','Payment №7 cart=24 status=NEW',3,'',21,1,'2025-12-18 13:41:29.807035');
INSERT INTO django_admin_log VALUES(408,'6','Payment №6 cart=23 status=NEW',3,'',21,1,'2025-12-18 13:41:29.807049');
INSERT INTO django_admin_log VALUES(409,'5','Payment №5 cart=22 status=NEW',3,'',21,1,'2025-12-18 13:41:29.807063');
INSERT INTO django_admin_log VALUES(410,'4','Payment №4 cart=21 status=NEW',3,'',21,1,'2025-12-18 13:41:29.807078');
INSERT INTO django_admin_log VALUES(411,'3','Payment №3 cart=20 status=NEW',3,'',21,1,'2025-12-18 13:41:29.807094');
INSERT INTO django_admin_log VALUES(412,'2','Payment №2 cart=19 status=NEW',3,'',21,1,'2025-12-18 13:41:29.807110');
INSERT INTO django_admin_log VALUES(413,'1','Payment №1 cart=18 status=NEW',3,'',21,1,'2025-12-18 13:41:29.807124');
INSERT INTO django_admin_log VALUES(414,'35','Заказ №35',2,'[{"changed": {"fields": ["\u0417\u0430\u043a\u0430\u0437", "\u0410\u0434\u0440\u0435\u0441 \u0434\u043e\u0441\u0442\u0430\u0432\u043a\u0438"]}}]',16,1,'2025-12-18 15:40:37.316294');
INSERT INTO django_admin_log VALUES(415,'35','Заказ №35',2,'[{"changed": {"fields": ["\u0421\u0442\u0430\u0442\u0443\u0441 \u0437\u0430\u043a\u0430\u0437\u0430"]}}]',16,1,'2025-12-18 15:40:42.863846');
INSERT INTO django_admin_log VALUES(416,'35','Корзина №35',2,'[{"changed": {"fields": ["\u0417\u0430\u043a\u0430\u0437"]}}]',16,1,'2025-12-18 15:45:28.593754');
INSERT INTO django_admin_log VALUES(417,'35','Корзина №35',2,'[{"changed": {"fields": ["\u0421\u0442\u0430\u0442\u0443\u0441 \u0437\u0430\u043a\u0430\u0437\u0430", "\u0410\u0434\u0440\u0435\u0441 \u0434\u043e\u0441\u0442\u0430\u0432\u043a\u0438"]}}]',16,1,'2025-12-18 16:00:50.757446');
INSERT INTO django_admin_log VALUES(418,'16','Payment №16 cart=35 status=NEW',3,'',21,1,'2025-12-18 16:01:11.871224');
INSERT INTO django_admin_log VALUES(419,'17','Payment №17 cart=35 status=NEW',3,'',21,1,'2025-12-18 16:02:10.750725');
INSERT INTO django_admin_log VALUES(420,'35','Заказ №35',2,'[{"changed": {"fields": ["\u0417\u0430\u043a\u0430\u0437", "\u0410\u0434\u0440\u0435\u0441 \u0434\u043e\u0441\u0442\u0430\u0432\u043a\u0438"]}}]',16,1,'2025-12-22 16:06:10.978463');
CREATE TABLE IF NOT EXISTS "django_content_type" ("id" integer NOT NULL PRIMARY KEY AUTOINCREMENT, "app_label" varchar(100) NOT NULL, "model" varchar(100) NOT NULL);
INSERT INTO django_content_type VALUES(1,'admin','logentry');
INSERT INTO django_content_type VALUES(2,'auth','permission');
INSERT INTO django_content_type VALUES(3,'auth','group');
INSERT INTO django_content_type VALUES(4,'auth','user');
INSERT INTO django_content_type VALUES(5,'contenttypes','contenttype');
INSERT INTO django_content_type VALUES(6,'sessions','session');
INSERT INTO django_content_type VALUES(7,'products','brand');
INSERT INTO django_content_type VALUES(8,'products','category');
INSERT INTO django_content_type VALUES(9,'products','product');
INSERT INTO django_content_type VALUES(10,'products','productvariant');
INSERT INTO django_content_type VALUES(11,'customers','bonus');
INSERT INTO django_content_type VALUES(12,'customers','client');
INSERT INTO django_content_type VALUES(13,'customers','promocode');
INSERT INTO django_content_type VALUES(14,'customers','promocodeclient');
INSERT INTO django_content_type VALUES(15,'customers','promocodeusage');
INSERT INTO django_content_type VALUES(16,'orders','cart');
INSERT INTO django_content_type VALUES(17,'orders','cartitem');
INSERT INTO django_content_type VALUES(18,'orders','order');
INSERT INTO django_content_type VALUES(19,'orders','orderitem');
INSERT INTO django_content_type VALUES(20,'products','favorite');
INSERT INTO django_content_type VALUES(21,'payments','payment');
CREATE TABLE IF NOT EXISTS "auth_permission" ("id" integer NOT NULL PRIMARY KEY AUTOINCREMENT, "content_type_id" integer NOT NULL REFERENCES "django_content_type" ("id") DEFERRABLE INITIALLY DEFERRED, "codename" varchar(100) NOT NULL, "name" varchar(255) NOT NULL);
INSERT INTO auth_permission VALUES(1,1,'add_logentry','Can add log entry');
INSERT INTO auth_permission VALUES(2,1,'change_logentry','Can change log entry');
INSERT INTO auth_permission VALUES(3,1,'delete_logentry','Can delete log entry');
INSERT INTO auth_permission VALUES(4,1,'view_logentry','Can view log entry');
INSERT INTO auth_permission VALUES(5,2,'add_permission','Can add permission');
INSERT INTO auth_permission VALUES(6,2,'change_permission','Can change permission');
INSERT INTO auth_permission VALUES(7,2,'delete_permission','Can delete permission');
INSERT INTO auth_permission VALUES(8,2,'view_permission','Can view permission');
INSERT INTO auth_permission VALUES(9,3,'add_group','Can add group');
INSERT INTO auth_permission VALUES(10,3,'change_group','Can change group');
INSERT INTO auth_permission VALUES(11,3,'delete_group','Can delete group');
INSERT INTO auth_permission VALUES(12,3,'view_group','Can view group');
INSERT INTO auth_permission VALUES(13,4,'add_user','Can add user');
INSERT INTO auth_permission VALUES(14,4,'change_user','Can change user');
INSERT INTO auth_permission VALUES(15,4,'delete_user','Can delete user');
INSERT INTO auth_permission VALUES(16,4,'view_user','Can view user');
INSERT INTO auth_permission VALUES(17,5,'add_contenttype','Can add content type');
INSERT INTO auth_permission VALUES(18,5,'change_contenttype','Can change content type');
INSERT INTO auth_permission VALUES(19,5,'delete_contenttype','Can delete content type');
INSERT INTO auth_permission VALUES(20,5,'view_contenttype','Can view content type');
INSERT INTO auth_permission VALUES(21,6,'add_session','Can add session');
INSERT INTO auth_permission VALUES(22,6,'change_session','Can change session');
INSERT INTO auth_permission VALUES(23,6,'delete_session','Can delete session');
INSERT INTO auth_permission VALUES(24,6,'view_session','Can view session');
INSERT INTO auth_permission VALUES(25,7,'add_brand','Can add Бренд');
INSERT INTO auth_permission VALUES(26,7,'change_brand','Can change Бренд');
INSERT INTO auth_permission VALUES(27,7,'delete_brand','Can delete Бренд');
INSERT INTO auth_permission VALUES(28,7,'view_brand','Can view Бренд');
INSERT INTO auth_permission VALUES(29,8,'add_category','Can add Категория');
INSERT INTO auth_permission VALUES(30,8,'change_category','Can change Категория');
INSERT INTO auth_permission VALUES(31,8,'delete_category','Can delete Категория');
INSERT INTO auth_permission VALUES(32,8,'view_category','Can view Категория');
INSERT INTO auth_permission VALUES(33,9,'add_product','Can add Товар');
INSERT INTO auth_permission VALUES(34,9,'change_product','Can change Товар');
INSERT INTO auth_permission VALUES(35,9,'delete_product','Can delete Товар');
INSERT INTO auth_permission VALUES(36,9,'view_product','Can view Товар');
INSERT INTO auth_permission VALUES(37,10,'add_productvariant','Can add Вариант товара');
INSERT INTO auth_permission VALUES(38,10,'change_productvariant','Can change Вариант товара');
INSERT INTO auth_permission VALUES(39,10,'delete_productvariant','Can delete Вариант товара');
INSERT INTO auth_permission VALUES(40,10,'view_productvariant','Can view Вариант товара');
INSERT INTO auth_permission VALUES(41,11,'add_bonus','Can add Бонусы');
INSERT INTO auth_permission VALUES(42,11,'change_bonus','Can change Бонусы');
INSERT INTO auth_permission VALUES(43,11,'delete_bonus','Can delete Бонусы');
INSERT INTO auth_permission VALUES(44,11,'view_bonus','Can view Бонусы');
INSERT INTO auth_permission VALUES(45,12,'add_client','Can add Клиент');
INSERT INTO auth_permission VALUES(46,12,'change_client','Can change Клиент');
INSERT INTO auth_permission VALUES(47,12,'delete_client','Can delete Клиент');
INSERT INTO auth_permission VALUES(48,12,'view_client','Can view Клиент');
INSERT INTO auth_permission VALUES(49,13,'add_promocode','Can add Промокод');
INSERT INTO auth_permission VALUES(50,13,'change_promocode','Can change Промокод');
INSERT INTO auth_permission VALUES(51,13,'delete_promocode','Can delete Промокод');
INSERT INTO auth_permission VALUES(52,13,'view_promocode','Can view Промокод');
INSERT INTO auth_permission VALUES(53,14,'add_promocodeclient','Can add Промокод у клиента');
INSERT INTO auth_permission VALUES(54,14,'change_promocodeclient','Can change Промокод у клиента');
INSERT INTO auth_permission VALUES(55,14,'delete_promocodeclient','Can delete Промокод у клиента');
INSERT INTO auth_permission VALUES(56,14,'view_promocodeclient','Can view Промокод у клиента');
INSERT INTO auth_permission VALUES(57,15,'add_promocodeusage','Can add Использрованный промокод');
INSERT INTO auth_permission VALUES(58,15,'change_promocodeusage','Can change Использрованный промокод');
INSERT INTO auth_permission VALUES(59,15,'delete_promocodeusage','Can delete Использрованный промокод');
INSERT INTO auth_permission VALUES(60,15,'view_promocodeusage','Can view Использрованный промокод');
INSERT INTO auth_permission VALUES(61,16,'add_cart','Can add Корзина');
INSERT INTO auth_permission VALUES(62,16,'change_cart','Can change Корзина');
INSERT INTO auth_permission VALUES(63,16,'delete_cart','Can delete Корзина');
INSERT INTO auth_permission VALUES(64,16,'view_cart','Can view Корзина');
INSERT INTO auth_permission VALUES(65,17,'add_cartitem','Can add Товар в корзине');
INSERT INTO auth_permission VALUES(66,17,'change_cartitem','Can change Товар в корзине');
INSERT INTO auth_permission VALUES(67,17,'delete_cartitem','Can delete Товар в корзине');
INSERT INTO auth_permission VALUES(68,17,'view_cartitem','Can view Товар в корзине');
INSERT INTO auth_permission VALUES(69,18,'add_order','Can add Заказ');
INSERT INTO auth_permission VALUES(70,18,'change_order','Can change Заказ');
INSERT INTO auth_permission VALUES(71,18,'delete_order','Can delete Заказ');
INSERT INTO auth_permission VALUES(72,18,'view_order','Can view Заказ');
INSERT INTO auth_permission VALUES(73,19,'add_orderitem','Can add Товар в заказе');
INSERT INTO auth_permission VALUES(74,19,'change_orderitem','Can change Товар в заказе');
INSERT INTO auth_permission VALUES(75,19,'delete_orderitem','Can delete Товар в заказе');
INSERT INTO auth_permission VALUES(76,19,'view_orderitem','Can view Товар в заказе');
INSERT INTO auth_permission VALUES(77,20,'add_favorite','Can add Избранное');
INSERT INTO auth_permission VALUES(78,20,'change_favorite','Can change Избранное');
INSERT INTO auth_permission VALUES(79,20,'delete_favorite','Can delete Избранное');
INSERT INTO auth_permission VALUES(80,20,'view_favorite','Can view Избранное');
INSERT INTO auth_permission VALUES(81,21,'add_payment','Can add payment');
INSERT INTO auth_permission VALUES(82,21,'change_payment','Can change payment');
INSERT INTO auth_permission VALUES(83,21,'delete_payment','Can delete payment');
INSERT INTO auth_permission VALUES(84,21,'view_payment','Can view payment');
CREATE TABLE IF NOT EXISTS "auth_group" ("id" integer NOT NULL PRIMARY KEY AUTOINCREMENT, "name" varchar(150) NOT NULL UNIQUE);
CREATE TABLE IF NOT EXISTS "auth_user" ("id" integer NOT NULL PRIMARY KEY AUTOINCREMENT, "password" varchar(128) NOT NULL, "last_login" datetime NULL, "is_superuser" bool NOT NULL, "username" varchar(150) NOT NULL UNIQUE, "last_name" varchar(150) NOT NULL, "email" varchar(254) NOT NULL, "is_staff" bool NOT NULL, "is_active" bool NOT NULL, "date_joined" datetime NOT NULL, "first_name" varchar(150) NOT NULL);
INSERT INTO auth_user VALUES(1,'pbkdf2_sha256$1000000$Peaz6qbYhuNcqQKjHiYcoG$2GsUGbrjxxMSdiRtppH8cXCOVHzNVLo4MkIF8tP+hi8=','2025-12-11 12:08:31.322348',1,'admin','','hockeyshop77@mail.ru',1,1,'2025-07-31 12:55:40','');
INSERT INTO auth_user VALUES(8,'pbkdf2_sha256$1000000$8rai9KN4zNPonLJ7Xjtbk4$lDH3yIB1uK2s7CsXEpb7vsWA1Wa6A5UUOVl8RDCdu/o=',NULL,0,'dubrovinvoff@yadex.ru','Дубровин','dubrovinvoff@yadex.ru',0,1,'2025-08-08 21:57:48','Вова');
INSERT INTO auth_user VALUES(26,'pbkdf2_sha256$1000000$TRh76ngN5nLVz8I4Sv0xBQ$yjMEg2ot8VwNFPA25dxXx6TqF49vaSobYUSKsDd0V60=',NULL,0,'test@test.ru','','test@test.ru',0,1,'2025-11-23 20:01:05.533399','');
CREATE TABLE IF NOT EXISTS "products_brand" ("id" integer NOT NULL PRIMARY KEY AUTOINCREMENT, "name" varchar(255) NOT NULL UNIQUE);
INSERT INTO products_brand VALUES(1,'ССМ');
INSERT INTO products_brand VALUES(2,'Bauer');
CREATE TABLE IF NOT EXISTS "products_productvariant" ("id" integer NOT NULL PRIMARY KEY AUTOINCREMENT, "size_type" varchar(50) NOT NULL, "size_value" varchar(50) NOT NULL, "color" varchar(50) NOT NULL, "base_price" decimal NOT NULL, "current_price" decimal NOT NULL, "is_active" bool NOT NULL, "is_order" bool NOT NULL, "product_id" bigint NOT NULL REFERENCES "products_product" ("id") DEFERRABLE INITIALLY DEFERRED);
INSERT INTO products_productvariant VALUES(1,'Флекс','55','',14000,14000,1,0,1);
INSERT INTO products_productvariant VALUES(2,'Флекс','40','',20000,10000,1,0,2);
INSERT INTO products_productvariant VALUES(3,'Флекс','20','',13000,13000,1,0,1);
INSERT INTO products_productvariant VALUES(4,'777','flex','blk',12000,12000,1,0,3);
INSERT INTO products_productvariant VALUES(5,'123','123','asd',123,123,1,0,4);
CREATE TABLE IF NOT EXISTS "customers_promocode" ("id" integer NOT NULL PRIMARY KEY AUTOINCREMENT, "name" varchar(255) NOT NULL, "last_day" date NOT NULL, "is_active" bool NOT NULL, "is_personal" bool NOT NULL, "amount" integer unsigned NULL CHECK ("amount" >= 0), "sale" decimal NULL);
INSERT INTO customers_promocode VALUES(1,'Summer25','2025-08-31',1,1,NULL,1000);
INSERT INTO customers_promocode VALUES(2,'CCM SALE','2025-08-31',1,0,NULL,10);
CREATE TABLE IF NOT EXISTS "orders_cartitem" ("id" integer NOT NULL PRIMARY KEY AUTOINCREMENT, "quantity" integer unsigned NOT NULL CHECK ("quantity" >= 0), "cart_id" bigint NOT NULL REFERENCES "orders_cart" ("id") DEFERRABLE INITIALLY DEFERRED, "product_id" bigint NOT NULL REFERENCES "products_product" ("id") DEFERRABLE INITIALLY DEFERRED, "product_variant_id" bigint NOT NULL REFERENCES "products_productvariant" ("id") DEFERRABLE INITIALLY DEFERRED);
INSERT INTO orders_cartitem VALUES(27,2,28,1,1);
INSERT INTO orders_cartitem VALUES(28,3,29,1,1);
INSERT INTO orders_cartitem VALUES(50,2,30,1,1);
INSERT INTO orders_cartitem VALUES(51,5,30,2,2);
INSERT INTO orders_cartitem VALUES(59,5,35,2,2);
INSERT INTO orders_cartitem VALUES(60,1,35,1,1);
INSERT INTO orders_cartitem VALUES(64,1,34,4,5);
INSERT INTO orders_cartitem VALUES(65,1,34,2,2);
INSERT INTO orders_cartitem VALUES(66,5,33,2,2);
INSERT INTO orders_cartitem VALUES(67,2,33,1,1);
INSERT INTO orders_cartitem VALUES(68,1,36,2,2);
CREATE TABLE IF NOT EXISTS "customers_promocodeclient" ("id" integer NOT NULL PRIMARY KEY AUTOINCREMENT, "client_id" bigint NOT NULL REFERENCES "customers_client" ("id") DEFERRABLE INITIALLY DEFERRED, "promocode_id" bigint NOT NULL REFERENCES "customers_promocode" ("id") DEFERRABLE INITIALLY DEFERRED);
INSERT INTO customers_promocodeclient VALUES(7,1,2);
CREATE TABLE IF NOT EXISTS "customers_promocodeusage" ("id" integer NOT NULL PRIMARY KEY AUTOINCREMENT, "used_at" date NULL, "client_id" bigint NOT NULL REFERENCES "customers_client" ("id") DEFERRABLE INITIALLY DEFERRED, "promocode_id" bigint NOT NULL REFERENCES "customers_promocode" ("id") DEFERRABLE INITIALLY DEFERRED);
INSERT INTO customers_promocodeusage VALUES(1,'2025-08-13',6,2);
CREATE TABLE IF NOT EXISTS "django_session" ("session_key" varchar(40) NOT NULL PRIMARY KEY, "session_data" text NOT NULL, "expire_date" datetime NOT NULL);
INSERT INTO django_session VALUES('e0jffvsrvdkov5fuc8amjpb9lxi2g6e5','.eJxVjDsOwjAQBe_iGln-sdmlpOcM1tpecAA5UpxUiLtDpBTQvpl5LxV5XWpcu8xxLOqkrDr8bonzQ9oGyp3bbdJ5ass8Jr0peqddX6Yiz_Pu_h1U7vVbo7PgDTgBN2QKFmVACJ45e5f46AsyZgJOwYsLV0NMAkiMJCwkRr0_vCc3iA:1ul5Xf:DK1iC_6vNSoBzuQjrU0tAbn42gmPW02Ghsk1-uGl_nE','2025-08-24 12:52:51.064579');
INSERT INTO django_session VALUES('sl2k5ka5h1qnw5f8243bdxq3f7vojh9t','.eJxVjDsOwjAQBe_iGln-sdmlpOcM1tpecAA5UpxUiLtDpBTQvpl5LxV5XWpcu8xxLOqkrDr8bonzQ9oGyp3bbdJ5ass8Jr0peqddX6Yiz_Pu_h1U7vVbo7PgDTgBN2QKFmVACJ45e5f46AsyZgJOwYsLV0NMAkiMJCwkRr0_vCc3iA:1ulpGv:tmfx_bs_zmU8b-pIaLu4GN2Sf9NWbhs-7bBdnoisGNY','2025-08-26 13:42:37.738427');
INSERT INTO django_session VALUES('zzo7deiuh31nqjcyna0ucvqohaqxyyju','.eJxVjDsOwjAQBe_iGln-sdmlpOcM1tpecAA5UpxUiLtDpBTQvpl5LxV5XWpcu8xxLOqkrDr8bonzQ9oGyp3bbdJ5ass8Jr0peqddX6Yiz_Pu_h1U7vVbo7PgDTgBN2QKFmVACJ45e5f46AsyZgJOwYsLV0NMAkiMJCwkRr0_vCc3iA:1urzOn:nbmtfdXxQUa1RPgNSQ416VZNzwxSIRQ4f-P-RNYsQg0','2025-09-12 13:44:13.996706');
INSERT INTO django_session VALUES('rmjrk5rddmd27po89zpbadeh4kz26w4y','.eJxVjDsOwjAQBe_iGln-sdmlpOcM1tpecAA5UpxUiLtDpBTQvpl5LxV5XWpcu8xxLOqkrDr8bonzQ9oGyp3bbdJ5ass8Jr0peqddX6Yiz_Pu_h1U7vVbo7PgDTgBN2QKFmVACJ45e5f46AsyZgJOwYsLV0NMAkiMJCwkRr0_vCc3iA:1uxNrM:V7giiwaMVX0_8jEumRLxGVYHQ5rEr3KC9HUmEfwxPzI','2025-09-27 10:52:00.726313');
INSERT INTO django_session VALUES('rkbkz8p8e2klcmcbjgrm0747do13zndo','.eJxVjDsOwjAQBe_iGln-sdmlpOcM1tpecAA5UpxUiLtDpBTQvpl5LxV5XWpcu8xxLOqkrDr8bonzQ9oGyp3bbdJ5ass8Jr0peqddX6Yiz_Pu_h1U7vVbo7PgDTgBN2QKFmVACJ45e5f46AsyZgJOwYsLV0NMAkiMJCwkRr0_vCc3iA:1v4N27:7u6TKRBDMEko7rAVvhRH9BS1AThLFsdDb3dR0vt2Uos','2025-10-16 17:23:59.036775');
INSERT INTO django_session VALUES('t0sbbwxsptdu99qri1ib5pfbimx4id43','.eJxVjDsOwjAQBe_iGln-sdmlpOcM1tpecAA5UpxUiLtDpBTQvpl5LxV5XWpcu8xxLOqkrDr8bonzQ9oGyp3bbdJ5ass8Jr0peqddX6Yiz_Pu_h1U7vVbo7PgDTgBN2QKFmVACJ45e5f46AsyZgJOwYsLV0NMAkiMJCwkRr0_vCc3iA:1v7xA6:TEttrv8nKs13x0BbqhbrlEE2k0PPn1BDRx4X6SUsEqQ','2025-10-26 14:35:02.587546');
INSERT INTO django_session VALUES('fpgucnagtsyvr59lir4875ukpt2xywkm','.eJxVjDsOwjAQBe_iGln-sdmlpOcM1tpecAA5UpxUiLtDpBTQvpl5LxV5XWpcu8xxLOqkrDr8bonzQ9oGyp3bbdJ5ass8Jr0peqddX6Yiz_Pu_h1U7vVbo7PgDTgBN2QKFmVACJ45e5f46AsyZgJOwYsLV0NMAkiMJCwkRr0_vCc3iA:1vAB7P:ZGd_JOS-eQNtThpBcRXamZIq6ysIkGn5dQnWyLCdmP4','2025-11-01 17:53:27.704820');
INSERT INTO django_session VALUES('egbeb398p9jobkmehwiwivd007rubzez','.eJxVjDsOwjAQBe_iGln-sdmlpOcM1tpecAA5UpxUiLtDpBTQvpl5LxV5XWpcu8xxLOqkrDr8bonzQ9oGyp3bbdJ5ass8Jr0peqddX6Yiz_Pu_h1U7vVbo7PgDTgBN2QKFmVACJ45e5f46AsyZgJOwYsLV0NMAkiMJCwkRr0_vCc3iA:1vLfdO:nOLo2v8RNzE9r5rxR6qDI8f-N7mVxSAjOygR3NcGd4E','2025-12-03 10:41:58.866652');
INSERT INTO django_session VALUES('mldylfuzsa4b6bc9p5j6ad55otfn63za','.eJxVjDsOwjAQBe_iGln-sdmlpOcM1tpecAA5UpxUiLtDpBTQvpl5LxV5XWpcu8xxLOqkrDr8bonzQ9oGyp3bbdJ5ass8Jr0peqddX6Yiz_Pu_h1U7vVbo7PgDTgBN2QKFmVACJ45e5f46AsyZgJOwYsLV0NMAkiMJCwkRr0_vCc3iA:1vTfTD:p-ZUTcoc8D3CSPJb4qr_Pn1YonlUK14zwrcX_7SxWCo','2025-12-25 12:08:31.323292');
CREATE TABLE IF NOT EXISTS "products_category" ("id" integer NOT NULL PRIMARY KEY AUTOINCREMENT, "name" varchar(255) NOT NULL, "slug" varchar(255) NOT NULL, "parent_id" bigint NULL REFERENCES "products_category" ("id") DEFERRABLE INITIALLY DEFERRED);
INSERT INTO products_category VALUES(1,'Клюшка','',2);
INSERT INTO products_category VALUES(2,'Игрок','',NULL);
CREATE TABLE IF NOT EXISTS "products_favorite" ("id" integer NOT NULL PRIMARY KEY AUTOINCREMENT, "created_at" datetime NOT NULL, "client_id" bigint NOT NULL REFERENCES "customers_client" ("id") DEFERRABLE INITIALLY DEFERRED, "product_id" bigint NOT NULL REFERENCES "products_product" ("id") DEFERRABLE INITIALLY DEFERRED, CONSTRAINT "uq_favorite_client_product" UNIQUE ("client_id", "product_id"));
INSERT INTO products_favorite VALUES(3,'2025-08-28 12:29:56.696560',6,2);
INSERT INTO products_favorite VALUES(47,'2025-12-01 06:58:09.452208',1,2);
INSERT INTO products_favorite VALUES(49,'2025-12-01 07:05:16.176637',1,1);
CREATE TABLE IF NOT EXISTS "orders_cart" ("update_at" date NOT NULL, "create_at" date NOT NULL, "ordered_at" date NULL, "id" integer NOT NULL PRIMARY KEY AUTOINCREMENT, "cart_total_sum" decimal NULL, "is_ordered" bool NULL, "status" varchar NULL, "shipping_address" text NULL, "client_id" bigint NOT NULL REFERENCES "customers_client" ("id") DEFERRABLE INITIALLY DEFERRED);
INSERT INTO orders_cart VALUES('2025-10-02','2025-10-02','2025-10-02',28,28000,1,'not_completed','sad',1);
INSERT INTO orders_cart VALUES('2025-10-02','2025-10-02','2025-10-02',29,42000,1,'not_completed','sad',1);
INSERT INTO orders_cart VALUES('2025-12-11','2025-11-19','2025-12-11',30,78000,1,'completed','ыфвы',1);
INSERT INTO orders_cart VALUES('2025-11-19','2025-11-19',NULL,31,NULL,0,'draft',NULL,6);
INSERT INTO orders_cart VALUES('2025-11-23','2025-11-23',NULL,32,NULL,0,'draft',NULL,7);
INSERT INTO orders_cart VALUES('2025-12-11','2025-12-11','2025-12-30',33,78000,1,'not_completed',unistr('Самовывоз: г. Краснодар, ул. Соколова, 17\u000aМагазин ID=krasnodar'),1);
INSERT INTO orders_cart VALUES('2025-12-11','2025-12-11','2025-12-30',34,10123,1,'not_completed',unistr('Самовывоз: г. Краснодар, ул. Соколова, 17\u000aМагазин ID=krasnodar'),1);
INSERT INTO orders_cart VALUES('2025-12-22','2025-12-11','2025-12-18',35,64000,1,'completed',unistr('Самовывоз: г. Краснодар, ул. Соколова, 17\u000d\u000aМагазин ID=krasnodar'),1);
INSERT INTO orders_cart VALUES('2025-12-30','2025-12-30',NULL,36,10000,0,'draft',NULL,1);
CREATE TABLE IF NOT EXISTS "customers_client" ("id" integer NOT NULL PRIMARY KEY AUTOINCREMENT, "surname" varchar(255) NOT NULL, "name" varchar(255) NOT NULL, "patronymic" varchar(255) NULL, "phone_number" varchar(12) NOT NULL UNIQUE, "birthday" date NOT NULL, "user_id" integer NULL UNIQUE REFERENCES "auth_user" ("id") DEFERRABLE INITIALLY DEFERRED, "image" varchar(100) NULL);
INSERT INTO customers_client VALUES(1,'Вадим','Ропотан','Юрьевич','+79002897255','1979-06-22',1,'customer/2023-11-02_15-17-03_fxhbnYC.JPG');
INSERT INTO customers_client VALUES(6,'Дубровин','Владимр',NULL,'+79679304530','2003-08-02',8,'customer/2023-11-02_15-17-03.JPG');
INSERT INTO customers_client VALUES(7,'asdasdas','asdasd',NULL,'+70000099999','2005-02-09',26,'');
CREATE TABLE IF NOT EXISTS "customers_bonus" ("id" integer NOT NULL PRIMARY KEY AUTOINCREMENT, "amount" decimal NOT NULL, "created_at" datetime NOT NULL, "expires_at" datetime NOT NULL, "is_active" bool NOT NULL, "order_id" bigint NULL REFERENCES "orders_cart" ("id") DEFERRABLE INITIALLY DEFERRED, "client_id" bigint NOT NULL REFERENCES "customers_client" ("id") DEFERRABLE INITIALLY DEFERRED, CONSTRAINT "uniq_bonus_per_order" UNIQUE ("order_id"));
INSERT INTO customers_bonus VALUES(1,2100,'2025-10-02 19:48:25.573257','2026-10-02 19:48:25',1,29,1);
INSERT INTO customers_bonus VALUES(2,0,'2025-12-11 14:07:56.863711','2026-12-11 14:07:49',1,30,1);
INSERT INTO customers_bonus VALUES(3,506.1499999999999773,'2025-12-30 14:05:53.462550','2026-12-30 14:05:53.462275',1,34,1);
INSERT INTO customers_bonus VALUES(4,3900,'2025-12-30 14:11:53.123923','2026-12-30 14:11:53.123800',1,33,1);
CREATE TABLE IF NOT EXISTS "payments_payment" ("id" integer NOT NULL PRIMARY KEY AUTOINCREMENT, "cart_id" integer unsigned NOT NULL CHECK ("cart_id" >= 0), "order_id" varchar(64) NOT NULL, "payment_id" varchar(64) NULL, "status" varchar(32) NOT NULL, "payment_url" varchar(200) NULL, "raw_init_resp" text NULL CHECK ((JSON_VALID("raw_init_resp") OR "raw_init_resp" IS NULL)), "raw_last_callback" text NULL CHECK ((JSON_VALID("raw_last_callback") OR "raw_last_callback" IS NULL)), "created_at" datetime NOT NULL, "updated_at" datetime NOT NULL, "amount" decimal NOT NULL);
INSERT INTO payments_payment VALUES(19,35,'cart-35-20251220142522','7594339360','REJECTED','https://pay.tbank.ru/he4ZiT5l','{"Success": true, "ErrorCode": "0", "TerminalKey": "1757757730064DEMO", "Status": "NEW", "PaymentId": "7594339360", "OrderId": "cart-35-20251220142522", "Amount": 7800000, "PaymentURL": "https://pay.tbank.ru/he4ZiT5l", "url": "https://securepay.tinkoff.ru/v2/Init"}',NULL,'2025-12-20 14:25:22.589162','2025-12-20 14:25:22.589178',7800000);
INSERT INTO payments_payment VALUES(20,35,'cart-35-20251220142642','7594346675','REJECTED','https://pay.tbank.ru/ugbLqNY2','{"Success": true, "ErrorCode": "0", "TerminalKey": "1757757730064DEMO", "Status": "NEW", "PaymentId": "7594346675", "OrderId": "cart-35-20251220142642", "Amount": 5800000, "PaymentURL": "https://pay.tbank.ru/ugbLqNY2", "url": "https://securepay.tinkoff.ru/v2/Init"}',NULL,'2025-12-20 14:26:42.195389','2025-12-20 14:26:42.195409',5800000);
INSERT INTO payments_payment VALUES(21,35,'cart-35-20251222155952','7607359461','REJECTED','https://pay.tbank.ru/Kz5TTDuo','{"Success": true, "ErrorCode": "0", "TerminalKey": "1757757730064DEMO", "Status": "NEW", "PaymentId": "7607359461", "OrderId": "cart-35-20251222155952", "Amount": 7800000, "PaymentURL": "https://pay.tbank.ru/Kz5TTDuo", "url": "https://securepay.tinkoff.ru/v2/Init"}',NULL,'2025-12-22 15:59:52.262510','2025-12-22 15:59:52.262532',7800000);
INSERT INTO payments_payment VALUES(22,35,'cart-35-20251222160210','7607372462','NEW','https://pay.tbank.ru/Y3Aek7vB','{"Success": true, "ErrorCode": "0", "TerminalKey": "1757757730064DEMO", "Status": "NEW", "PaymentId": "7607372462", "OrderId": "cart-35-20251222160210", "Amount": 6400000, "PaymentURL": "https://pay.tbank.ru/Y3Aek7vB", "url": "https://securepay.tinkoff.ru/v2/Init"}',NULL,'2025-12-22 16:02:10.491008','2025-12-22 16:02:10.491034',6400000);
INSERT INTO payments_payment VALUES(23,34,'cart-34-20251222164953','7607662830','REJECTED','https://pay.tbank.ru/KuAdisQU','{"Success": true, "ErrorCode": "0", "TerminalKey": "1757757730064DEMO", "Status": "NEW", "PaymentId": "7607662830", "OrderId": "cart-34-20251222164953", "Amount": 6400000, "PaymentURL": "https://pay.tbank.ru/KuAdisQU", "url": "https://securepay.tinkoff.ru/v2/Init"}',NULL,'2025-12-22 16:49:53.778632','2025-12-22 16:49:53.778651',6400000);
INSERT INTO payments_payment VALUES(24,34,'cart-34-20251223111024','7612343402','REJECTED','https://pay.tbank.ru/zhqA7GNO','{"Success": true, "ErrorCode": "0", "TerminalKey": "1757757730064DEMO", "Status": "NEW", "PaymentId": "7612343402", "OrderId": "cart-34-20251223111024", "Amount": 3000000, "PaymentURL": "https://pay.tbank.ru/zhqA7GNO", "url": "https://securepay.tinkoff.ru/v2/Init"}',NULL,'2025-12-23 11:10:24.247130','2025-12-23 11:10:24.247151',3000000);
INSERT INTO payments_payment VALUES(25,34,'cart-34-20251230130948','7665497517','CONFIRMED','https://pay.tbank.ru/WvIUSdVj','{"Success": true, "ErrorCode": "0", "TerminalKey": "1757757730064DEMO", "Status": "NEW", "PaymentId": "7665497517", "OrderId": "cart-34-20251230130948", "Amount": 1012300, "PaymentURL": "https://pay.tbank.ru/WvIUSdVj", "url": "https://securepay.tinkoff.ru/v2/Init"}','{"Success": true, "ErrorCode": "0", "Message": "OK", "TerminalKey": "1757757730064DEMO", "Status": "CONFIRMED", "PaymentId": "7665497517", "OrderId": "cart-34-20251230130948", "Params": [{"Key": "Route", "Value": "ACQ"}, {"Key": "Source", "Value": "cards"}], "Amount": 1012300, "url": "https://securepay.tinkoff.ru/v2/GetState"}','2025-12-30 13:09:48.419473','2025-12-30 13:09:48.419503',1012300);
INSERT INTO payments_payment VALUES(26,33,'cart-33-20251230141139','7665910988','CONFIRMED','https://pay.tbank.ru/xrGfXWZ3','{"Success": true, "ErrorCode": "0", "TerminalKey": "1757757730064DEMO", "Status": "NEW", "PaymentId": "7665910988", "OrderId": "cart-33-20251230141139", "Amount": 7800000, "PaymentURL": "https://pay.tbank.ru/xrGfXWZ3", "url": "https://securepay.tinkoff.ru/v2/Init"}','{"Success": true, "ErrorCode": "0", "Message": "OK", "TerminalKey": "1757757730064DEMO", "Status": "CONFIRMED", "PaymentId": "7665910988", "OrderId": "cart-33-20251230141139", "Params": [{"Key": "Route", "Value": "ACQ"}, {"Key": "Source", "Value": "cards"}], "Amount": 7800000, "url": "https://securepay.tinkoff.ru/v2/GetState"}','2025-12-30 14:11:39.090868','2025-12-30 14:11:39.090898',7800000);
CREATE TABLE IF NOT EXISTS "products_product" ("id" integer NOT NULL PRIMARY KEY AUTOINCREMENT, "name" varchar(255) NOT NULL, "description" text NOT NULL, "is_sale" bool NOT NULL, "is_new" bool NOT NULL, "is_active" bool NOT NULL, "slug" varchar(255) NOT NULL UNIQUE, "image" varchar(100) NULL, "sale" integer unsigned NOT NULL CHECK ("sale" >= 0), "brand_id" bigint NOT NULL REFERENCES "products_brand" ("id") DEFERRABLE INITIALLY DEFERRED, "category_id" bigint NOT NULL REFERENCES "products_category" ("id") DEFERRABLE INITIALLY DEFERRED, "price" decimal NULL, "is_hit" bool NOT NULL);
INSERT INTO products_product VALUES(1,'Клюшка CCM JetSpeed FT 8 Pro','nice',0,1,1,'ccm-jetspeed-ft-8-pro','',0,1,1,30000,0);
INSERT INTO products_product VALUES(2,'Клюшка Bauer HyperLite2','nice',0,0,1,'bauer-bauer-hyperlite2','apps/products/productiproducts_image/ph.Gord-152.JPG',50,2,1,20000,1);
INSERT INTO products_product VALUES(3,'Тест','выавыа',1,1,1,'bauer','productiproducts_image/ph.Gord-79.JPG',0,2,2,222,0);
INSERT INTO products_product VALUES(4,'Клюшка','ыфвфывыфв',1,1,1,'bauer-2','productiproducts_image/мы3.jpg',0,2,1,123,0);
INSERT INTO sqlite_sequence VALUES('django_migrations',48);
INSERT INTO sqlite_sequence VALUES('django_admin_log',420);
INSERT INTO sqlite_sequence VALUES('django_content_type',21);
INSERT INTO sqlite_sequence VALUES('auth_permission',84);
INSERT INTO sqlite_sequence VALUES('auth_group',0);
INSERT INTO sqlite_sequence VALUES('auth_user',26);
INSERT INTO sqlite_sequence VALUES('customers_promocodeclient',7);
INSERT INTO sqlite_sequence VALUES('customers_promocodeusage',1);
INSERT INTO sqlite_sequence VALUES('products_brand',2);
INSERT INTO sqlite_sequence VALUES('products_productvariant',5);
INSERT INTO sqlite_sequence VALUES('customers_promocode',2);
INSERT INTO sqlite_sequence VALUES('orders_cartitem',68);
INSERT INTO sqlite_sequence VALUES('products_category',2);
INSERT INTO sqlite_sequence VALUES('products_favorite',49);
INSERT INTO sqlite_sequence VALUES('orders_cart',36);
INSERT INTO sqlite_sequence VALUES('customers_client',7);
INSERT INTO sqlite_sequence VALUES('customers_bonus',4);
INSERT INTO sqlite_sequence VALUES('payments_payment',26);
INSERT INTO sqlite_sequence VALUES('products_product',4);
CREATE UNIQUE INDEX "auth_group_permissions_group_id_permission_id_0cd325b0_uniq" ON "auth_group_permissions" ("group_id", "permission_id");
CREATE INDEX "auth_group_permissions_group_id_b120cbf9" ON "auth_group_permissions" ("group_id");
CREATE INDEX "auth_group_permissions_permission_id_84c5c92e" ON "auth_group_permissions" ("permission_id");
CREATE UNIQUE INDEX "auth_user_groups_user_id_group_id_94350c0c_uniq" ON "auth_user_groups" ("user_id", "group_id");
CREATE INDEX "auth_user_groups_user_id_6a12ed8b" ON "auth_user_groups" ("user_id");
CREATE INDEX "auth_user_groups_group_id_97559544" ON "auth_user_groups" ("group_id");
CREATE UNIQUE INDEX "auth_user_user_permissions_user_id_permission_id_14a6b632_uniq" ON "auth_user_user_permissions" ("user_id", "permission_id");
CREATE INDEX "auth_user_user_permissions_user_id_a95ead1b" ON "auth_user_user_permissions" ("user_id");
CREATE INDEX "auth_user_user_permissions_permission_id_1fbb5f2c" ON "auth_user_user_permissions" ("permission_id");
CREATE INDEX "django_admin_log_content_type_id_c4bce8eb" ON "django_admin_log" ("content_type_id");
CREATE INDEX "django_admin_log_user_id_c564eba6" ON "django_admin_log" ("user_id");
CREATE UNIQUE INDEX "django_content_type_app_label_model_76bd3d3b_uniq" ON "django_content_type" ("app_label", "model");
CREATE UNIQUE INDEX "auth_permission_content_type_id_codename_01ab375a_uniq" ON "auth_permission" ("content_type_id", "codename");
CREATE INDEX "auth_permission_content_type_id_2f476e4b" ON "auth_permission" ("content_type_id");
CREATE INDEX "products_productvariant_product_id_d9c22902" ON "products_productvariant" ("product_id");
CREATE INDEX "orders_cartitem_cart_id_529df5fa" ON "orders_cartitem" ("cart_id");
CREATE INDEX "orders_cartitem_product_id_55063ee7" ON "orders_cartitem" ("product_id");
CREATE INDEX "orders_cartitem_product_variant_id_5995a581" ON "orders_cartitem" ("product_variant_id");
CREATE INDEX "customers_promocodeclient_client_id_ba3ff5bd" ON "customers_promocodeclient" ("client_id");
CREATE INDEX "customers_promocodeclient_promocode_id_1a48bb67" ON "customers_promocodeclient" ("promocode_id");
CREATE INDEX "customers_promocodeusage_client_id_dc7d14be" ON "customers_promocodeusage" ("client_id");
CREATE INDEX "customers_promocodeusage_promocode_id_371ca793" ON "customers_promocodeusage" ("promocode_id");
CREATE INDEX "django_session_expire_date_a5c62663" ON "django_session" ("expire_date");
CREATE UNIQUE INDEX "customers_promocodeusage_client_id_promocode_id_1b265c92_uniq" ON "customers_promocodeusage" ("client_id", "promocode_id");
CREATE INDEX "products_category_slug_c558efae" ON "products_category" ("slug");
CREATE INDEX "products_category_parent_id_3388f6c9" ON "products_category" ("parent_id");
CREATE INDEX "products_favorite_client_id_9b5054d5" ON "products_favorite" ("client_id");
CREATE INDEX "products_favorite_product_id_f8265054" ON "products_favorite" ("product_id");
CREATE INDEX "products_fa_client__b3242a_idx" ON "products_favorite" ("client_id", "created_at");
CREATE INDEX "orders_cart_client_id_24c1f296" ON "orders_cart" ("client_id");
CREATE INDEX "customers_c_surname_e0ea7b_idx" ON "customers_client" ("surname", "name");
CREATE INDEX "customers_bonus_order_id_b04754b8" ON "customers_bonus" ("order_id");
CREATE INDEX "customers_bonus_client_id_c045a9da" ON "customers_bonus" ("client_id");
CREATE INDEX "customers_b_expires_33b023_idx" ON "customers_bonus" ("expires_at", "is_active");
CREATE INDEX "payments_payment_cart_id_42650658" ON "payments_payment" ("cart_id");
CREATE INDEX "payments_payment_order_id_22c479b7" ON "payments_payment" ("order_id");
CREATE INDEX "payments_payment_payment_id_5ab18190" ON "payments_payment" ("payment_id");
CREATE INDEX "payments_pa_cart_id_475fcc_idx" ON "payments_payment" ("cart_id", "status");
CREATE INDEX "products_product_name_fa23bcd2" ON "products_product" ("name");
CREATE INDEX "products_product_is_sale_b0f00467" ON "products_product" ("is_sale");
CREATE INDEX "products_product_is_new_378bf47f" ON "products_product" ("is_new");
CREATE INDEX "products_product_is_active_2e95eb0a" ON "products_product" ("is_active");
CREATE INDEX "products_product_brand_id_3e2e8fd1" ON "products_product" ("brand_id");
CREATE INDEX "products_product_category_id_9b594869" ON "products_product" ("category_id");
CREATE INDEX "products_pr_name_1eb885_idx" ON "products_product" ("name", "brand_id");
COMMIT;
